start,end,2d_movement_mean_x,2d_movement_mean_y,2d_movement_std_x,2d_movement_std_y,3d_movement_mean_x,3d_movement_mean_y,3d_movement_mean_z,3d_movement_std_x,3d_movement_std_y,3d_movement_std_z,2d_shape_mean_width,2d_shape_mean_height,2d_shape_std_width,2d_shape_std_height,3d_shape_mean_width,3d_shape_mean_height,3d_shape_mean_depth,3d_shape_std_width,3d_shape_std_height
81.0,82.0,142.749,160.442,0.285,1.266,-168.241,-394.362,2781.179,2.766,10.839,14.803,19.467,118.133,0.991,0.991,186.727,-1163.884,60.0,9.067,11.428
82.0,83.0,143.202,160.981,0.509,0.721,-164.904,-402.332,2799.656,4.844,7.531,7.666,19.867,118.933,0.991,0.359,191.921,-1179.309,60.0,9.83,4.955
83.0,84.0,143.801,161.544,0.246,0.754,-159.571,-409.233,2809.151,2.276,7.06,4.64,19.533,119.0,0.884,0.0,189.372,-1183.917,60.0,8.82,1.936
84.0,85.0,143.828,162.043,0.404,0.606,-159.165,-413.851,2807.09,3.205,6.218,16.265,20.655,118.862,1.492,0.507,200.394,-1181.721,60.0,15.472,9.293
85.0,86.0,145.275,160.737,0.646,0.675,-147.839,-409.011,2863.23,6.363,6.313,5.583,22.533,119.0,1.118,0.0,223.318,-1206.484,60.0,11.106,2.33
86.0,87.0,153.805,170.151,3.986,5.655,-58.719,-455.437,2607.566,38.887,24.366,160.65,46.867,113.0,19.356,3.386,418.565,-1047.272,60.0,150.304,91.974
87.0,88.0,188.553,182.125,11.395,4.864,208.374,-460.598,2122.011,76.132,16.106,103.093,76.067,102.067,6.298,3.568,576.194,-774.201,60.0,65.022,62.786
88.0,89.0,230.602,191.302,14.976,1.353,500.556,-504.283,2016.628,112.401,14.074,27.483,73.733,98.333,11.117,1.66,537.846,-709.304,60.0,71.541,18.113
89.0,90.0,274.239,195.417,5.423,4.332,825.068,-544.262,2058.961,45.086,27.625,21.103,23.5,67.167,11.199,14.843,192.904,-500.247,60.0,78.864,105.887
97.0,98.0,285.189,112.276,6.57,9.569,905.538,52.242,2057.28,94.214,64.145,112.098,60.556,180.889,26.395,21.213,451.321,-1298.389,60.0,164.625,113.145
98.0,99.0,216.236,100.702,28.36,4.341,374.968,128.651,1900.381,188.789,29.119,12.438,72.933,206.0,8.366,5.434,497.188,-1374.366,60.0,59.158,43.196
99.0,100.0,143.763,111.853,12.193,6.482,-108.439,54.29,1903.784,81.191,43.257,13.967,69.138,200.655,2.873,9.204,457.809,-1342.262,60.0,18.525,55.471
100.0,101.0,130.894,108.815,1.378,12.716,-186.777,70.701,1831.001,6.701,79.906,25.749,70.677,207.387,2.277,13.54,448.137,-1332.906,60.0,9.426,69.814
101.0,102.0,128.715,107.23,1.391,8.448,-197.495,79.943,1801.328,6.108,51.822,24.987,69.138,211.414,2.096,10.679,430.779,-1336.546,60.0,12.77,50.0
102.0,103.0,130.797,112.413,0.249,0.578,-187.027,48.59,1826.366,1.506,3.711,2.099,69.533,207.0,1.454,0.0,439.847,-1328.142,60.0,9.294,1.524
103.0,104.0,130.705,112.168,0.279,0.633,-187.943,50.249,1829.545,1.869,4.122,3.048,69.8,207.0,1.222,0.0,442.345,-1330.45,60.0,7.672,2.212
104.0,105.0,130.345,110.334,0.562,0.571,-190.832,62.206,1835.102,3.715,3.736,4.225,69.267,207.0,0.854,0.0,440.346,-1334.483,60.0,5.669,3.067
105.0,106.0,140.222,110.602,10.885,2.216,-130.999,62.699,1899.718,71.638,15.237,27.365,77.552,202.379,11.103,4.759,512.469,-1349.85,60.0,71.21,28.465
106.0,107.0,223.008,102.986,36.191,4.406,422.298,114.31,1917.828,241.856,29.418,31.456,82.484,212.29,18.309,2.853,570.258,-1428.955,60.0,123.693,17.264
107.0,108.0,293.528,131.692,9.323,36.907,1054.718,-105.63,2247.152,117.856,299.33,123.913,22.793,122.241,12.675,58.419,202.831,-945.209,60.0,85.617,414.173
108.0,109.0,304.214,188.29,0.344,1.928,1215.796,-575.781,2404.124,7.782,18.619,11.402,6.852,16.556,1.208,3.414,87.943,-153.641,60.0,9.941,27.96
110.0,111.0,253.768,101.871,30.008,8.352,664.125,125.385,2003.906,230.006,57.327,73.316,73.759,193.828,20.54,16.959,532.202,-1358.929,60.0,129.601,92.696
111.0,112.0,126.723,105.127,37.063,1.398,-239.094,104.018,1991.629,266.569,11.797,58.312,84.533,200.0,10.181,8.881,581.406,-1397.209,60.0,72.424,30.936
112.0,113.0,55.202,92.33,6.787,5.686,-884.141,235.743,2399.937,97.854,61.292,151.532,78.133,168.933,4.372,6.377,632.942,-1419.229,60.0,34.695,80.341
113.0,114.0,52.652,85.865,1.429,0.987,-992.084,315.466,2635.515,12.406,8.989,9.17,77.0,166.733,0.0,0.998,687.744,-1539.078,60.0,2.476,9.853
116.0,117.0,71.734,77.907,4.118,1.336,-843.465,402.209,2724.214,45.724,16.212,30.651,66.9,179.7,15.093,3.422,619.985,-1712.31,60.0,144.041,50.087
117.0,118.0,75.082,78.359,0.33,1.026,-786.838,385.871,2642.341,4.379,10.747,9.273,58.6,173.8,0.8,0.98,524.384,-1605.086,60.0,6.518,4.001
119.0,120.0,100.839,112.23,0.83,0.295,-414.716,54.467,1999.008,6.188,2.114,1.788,81.0,204.0,0.0,1.0,555.49,-1432.74,60.0,0.298,5.625
121.0,122.0,172.782,109.937,0.0,0.0,90.915,71.574,2028.341,0.0,0.0,0.0,73.0,203.0,0.0,0.0,522.279,-1446.722,60.0,0.0,0.0
468.0,469.0,187.395,182.323,0.0,0.0,201.609,-458.656,2098.688,0.0,0.0,0.0,67.0,107.0,0.0,0.0,498.024,-800.395,60.0,0.0,0.0
469.0,470.0,162.153,175.751,9.689,3.967,11.857,-479.801,2467.169,77.661,25.488,224.828,53.467,112.667,10.401,3.467,455.552,-989.661,60.0,50.545,117.073
470.0,471.0,150.026,155.848,1.918,5.628,-121.244,-423.713,3415.472,31.792,33.587,290.112,32.862,120.655,3.148,1.97,389.048,-1455.395,60.0,14.309,116.001
471.0,472.0,148.612,137.77,1.793,4.796,-178.203,-270.887,4427.115,39.216,56.39,304.463,28.917,93.75,1.869,12.778,445.149,-1450.296,60.0,19.644,107.365
472.0,473.0,145.528,125.844,0.437,1.774,-264.649,-106.289,5214.154,10.772,29.733,100.936,28.739,73.783,0.895,3.856,522.895,-1352.997,60.0,24.283,52.661
473.0,474.0,143.829,127.18,0.728,4.195,-303.447,-135.433,5350.993,14.187,81.926,49.438,24.091,70.273,2.466,3.222,448.492,-1322.878,60.0,44.263,50.307
475.0,476.0,142.44,144.112,0.0,0.0,-353.873,-485.915,5746.817,0.0,0.0,0.0,19.0,39.0,0.0,0.0,379.84,-792.141,60.0,0.0,0.0
479.0,480.0,152.048,142.653,3.528,14.812,-58.065,-162.17,2153.497,22.131,98.87,172.816,74.0,154.5,7.141,3.841,553.495,-1174.461,60.0,14.631,117.556
480.0,481.0,156.295,104.789,5.344,9.773,-32.689,153.219,2757.016,52.677,106.536,180.313,57.222,140.111,5.159,9.893,549.53,-1347.959,60.0,17.608,37.231
481.0,482.0,164.809,73.433,1.13,2.344,57.86,562.86,3444.031,12.613,37.505,57.405,39.4,119.0,0.8,5.06,477.269,-1429.371,60.0,7.413,39.511
482.0,483.0,163.967,68.946,0.257,1.16,49.286,634.33,3543.317,3.083,13.384,11.271,36.273,115.273,1.763,0.914,451.943,-1424.659,60.0,21.979,12.23
483.0,484.0,164.254,68.536,1.009,0.917,52.998,641.282,3553.355,12.505,12.151,7.476,39.069,113.483,1.78,2.608,488.111,-1406.401,60.0,22.436,32.229
484.0,485.0,168.401,72.378,0.756,0.535,103.686,587.899,3520.352,9.128,7.903,9.838,38.364,109.636,0.932,3.156,476.263,-1345.961,60.0,10.832,41.05
485.0,486.0,169.313,71.709,0.327,1.019,114.595,594.226,3508.982,4.07,13.276,7.289,40.133,110.667,1.765,1.795,496.668,-1354.088,60.0,22.384,21.994
486.0,487.0,171.217,71.367,0.869,1.236,137.016,594.425,3485.077,9.813,18.506,24.761,43.0,110.875,2.121,0.484,528.499,-1347.35,60.0,26.144,12.685
487.0,488.0,174.827,72.941,4.34,3.326,177.77,568.427,3439.896,47.815,50.627,73.726,57.933,115.8,6.277,4.183,704.678,-1390.023,60.0,80.157,56.548
488.0,489.0,183.442,79.698,0.763,0.869,269.507,463.361,3278.74,8.22,9.437,7.235,57.167,116.333,0.553,2.055,664.094,-1331.644,60.0,6.775,25.62
489.0,490.0,182.312,80.434,0.251,0.599,257.283,456.234,3288.298,3.032,6.987,6.761,57.0,117.154,0.0,1.35,664.103,-1344.863,60.0,1.351,15.318
490.0,491.0,182.312,80.235,0.476,0.406,257.13,458.3,3286.57,4.747,6.523,16.073,57.571,117.0,0.904,1.512,670.324,-1342.265,60.0,13.083,13.43
491.0,492.0,181.129,80.873,0.338,0.265,244.452,452.691,3299.364,3.591,2.71,6.203,58.6,116.2,0.8,0.98,684.658,-1338.304,60.0,9.281,13.543
492.0,493.0,181.198,79.742,0.323,0.252,245.397,466.053,3301.297,3.756,3.672,7.907,59.0,116.6,0.0,0.8,689.644,-1343.66,60.0,1.636,9.536
493.0,494.0,180.796,80.419,0.303,0.553,239.922,456.664,3290.077,3.127,7.424,8.234,59.0,116.5,0.0,0.866,687.323,-1337.919,60.0,1.704,8.942
494.0,495.0,181.235,78.746,0.218,0.523,245.598,477.129,3298.205,2.59,6.121,2.992,59.571,115.714,1.178,1.221,695.669,-1332.25,60.0,13.539,14.453
495.0,496.0,181.463,78.748,0.182,0.944,248.277,477.22,3298.821,2.174,11.928,7.721,56.2,116.733,1.759,0.68,656.642,-1344.17,60.0,20.487,7.298
496.0,497.0,181.499,79.943,1.623,1.447,247.846,461.853,3287.746,18.569,17.747,16.237,50.857,115.429,3.962,1.116,592.232,-1324.725,60.0,47.866,13.15
497.0,498.0,172.048,82.657,7.15,6.309,136.738,414.919,3141.052,82.781,88.885,163.859,50.2,122.2,6.442,5.879,554.442,-1338.704,60.0,70.385,42.225
498.0,499.0,108.408,114.825,25.257,9.039,-445.256,50.986,2537.682,197.098,83.153,156.648,79.381,146.143,9.926,9.187,687.959,-1300.168,60.0,49.268,58.168
499.0,500.0,43.063,144.845,8.513,7.596,-846.357,-177.278,2071.349,38.912,45.341,122.37,70.333,142.333,8.3,3.887,489.195,-1043.782,60.0,90.673,88.468
500.0,501.0,46.835,159.029,2.653,2.518,-780.659,-269.56,1968.214,9.196,20.801,47.986,80.833,128.833,2.23,8.425,533.956,-897.586,60.0,11.692,35.91
501.0,502.0,35.582,161.096,4.071,0.805,-880.337,-290.815,2017.968,26.748,6.103,11.82,77.667,116.81,0.943,2.538,525.402,-837.595,60.0,7.21,15.632
502.0,503.0,51.796,159.921,5.263,2.377,-729.913,-269.024,1922.69,44.654,14.073,28.192,81.381,140.81,0.999,4.895,524.854,-957.465,60.0,9.739,21.175
503.0,504.0,50.3,161.223,0.693,2.033,-727.222,-273.291,1890.488,3.302,13.693,6.331,81.333,143.667,1.0,0.943,515.335,-960.644,60.0,6.659,5.765
504.0,505.0,47.161,144.481,3.903,6.865,-811.561,-174.227,2048.819,54.065,42.586,69.735,79.5,152.5,2.291,4.61,547.072,-1104.037,60.0,11.23,68.76
505.0,506.0,47.76,126.78,4.606,4.317,-894.344,-52.773,2275.838,9.838,31.984,89.228,77.0,164.826,0.0,2.944,590.626,-1321.908,60.0,24.093,71.408
506.0,507.0,55.791,120.901,0.802,0.747,-886.39,-7.639,2425.74,3.394,6.345,14.651,75.286,166.857,2.25,0.515,616.696,-1424.306,60.0,19.168,11.679
507.0,508.0,54.266,118.955,2.436,1.088,-900.261,8.888,2428.314,16.838,9.234,14.471,75.0,167.571,1.927,0.904,614.987,-1431.795,60.0,17.02,10.319
508.0,509.0,55.498,119.658,2.439,1.336,-889.332,2.942,2426.982,19.786,11.347,17.4,72.548,166.871,2.722,0.491,593.989,-1425.127,60.0,21.814,10.204
509.0,510.0,56.19,120.893,0.361,0.541,-882.066,-7.586,2423.072,4.4,4.587,6.155,73.857,167.5,2.85,0.866,604.019,-1428.13,60.0,24.278,9.272
510.0,511.0,56.006,119.907,0.573,0.637,-888.504,0.785,2436.446,5.453,5.433,9.735,70.613,166.419,4.293,2.167,580.068,-1426.569,60.0,35.837,15.57
511.0,512.0,47.696,133.022,5.879,13.33,-890.559,-97.197,2268.644,13.203,96.561,140.598,78.364,151.0,4.801,20.6,597.57,-1218.748,60.0,14.336,230.773
512.0,513.0,42.507,163.934,1.095,1.571,-841.992,-314.781,2043.641,9.772,9.586,16.131,92.931,114.586,0.365,1.921,643.346,-832.482,60.0,5.001,15.947
513.0,514.0,42.161,157.614,3.007,2.285,-867.813,-277.089,2100.308,19.67,17.883,15.182,91.857,117.857,0.99,2.997,654.027,-878.942,60.0,7.878,21.092
514.0,515.0,38.912,158.673,1.706,1.338,-890.828,-284.495,2098.065,9.854,8.986,7.715,92.273,124.091,0.962,5.931,656.348,-923.399,60.0,8.98,45.821
515.0,516.0,47.493,149.832,5.129,5.812,-829.86,-219.942,2104.138,32.346,42.21,18.212,89.824,144.882,2.281,8.824,640.469,-1077.365,60.0,14.144,68.794
516.0,517.0,108.627,112.767,17.369,12.571,-448.832,74.085,2561.393,120.061,119.092,207.824,61.231,150.846,7.303,13.008,535.169,-1348.173,60.0,20.899,42.323
517.0,518.0,164.078,77.859,12.263,8.004,52.116,473.68,3175.827,136.872,110.45,157.753,49.0,122.68,2.939,4.954,548.712,-1358.799,60.0,50.866,32.666
518.0,519.0,189.528,70.976,3.521,1.661,346.952,576.175,3351.349,40.995,20.948,12.108,54.053,116.158,1.503,1.182,642.954,-1358.554,60.0,18.029,14.437
519.0,520.0,194.371,70.649,0.508,0.254,407.653,585.314,3382.21,6.552,3.153,7.969,55.0,111.842,0.0,2.996,660.206,-1320.377,60.0,1.537,33.854
520.0,521.0,194.572,69.757,0.388,0.603,411.417,597.902,3393.589,5.153,7.654,7.976,55.353,110.765,0.762,2.263,666.644,-1312.126,60.0,9.758,25.694
521.0,522.0,187.048,72.621,6.409,1.366,318.013,557.25,3354.114,75.209,16.116,17.694,56.231,115.077,2.939,2.908,667.77,-1347.197,60.0,33.297,35.339
522.0,523.0,165.44,71.589,2.799,2.307,66.312,591.259,3480.823,33.613,35.585,45.881,50.84,115.48,10.007,2.61,621.294,-1401.994,60.0,115.9,22.843
523.0,524.0,167.095,67.935,1.114,0.483,89.208,654.933,3587.291,13.746,5.799,15.838,39.69,108.034,1.6,1.79,501.31,-1350.585,60.0,19.547,25.658
524.0,525.0,167.062,68.457,1.015,0.492,88.27,644.732,3567.104,12.239,7.232,20.81,42.067,109.667,1.843,2.271,528.417,-1364.069,60.0,21.153,34.542
525.0,526.0,167.605,70.227,0.397,0.636,95.012,621.868,3562.912,4.762,8.405,10.873,42.241,105.69,1.103,3.075,530.074,-1312.997,60.0,12.913,36.949
526.0,527.0,167.96,70.073,0.996,0.822,98.908,620.797,3545.721,11.821,12.119,20.405,41.0,107.129,0.0,0.87,511.989,-1324.435,60.0,2.934,14.539
527.0,528.0,169.814,69.212,0.395,1.144,121.169,627.127,3521.16,4.671,15.181,11.397,41.645,106.935,0.935,1.294,516.495,-1312.853,60.0,11.873,16.547
528.0,529.0,168.662,70.243,0.928,0.373,107.283,616.515,3533.417,10.955,5.037,18.403,41.194,106.742,0.591,1.319,512.644,-1314.982,60.0,8.18,17.096
529.0,530.0,168.055,70.483,0.176,0.576,100.833,619.87,3569.916,2.182,6.938,6.82,42.419,107.903,1.362,1.422,533.358,-1343.147,60.0,16.774,17.849
530.0,531.0,168.011,70.693,0.223,0.77,100.28,617.24,3569.87,2.727,9.823,10.984,41.867,105.8,1.431,3.525,526.42,-1317.016,60.0,18.695,41.595
531.0,532.0,168.733,70.708,0.661,0.503,109.448,618.002,3575.349,7.805,7.072,16.748,41.067,100.4,0.359,2.59,517.09,-1252.003,60.0,4.917,34.197
532.0,533.0,168.003,70.662,0.306,0.392,100.411,618.942,3577.538,4.083,3.622,13.527,41.0,102.241,0.0,3.339,516.564,-1275.538,60.0,1.945,38.185
533.0,534.0,168.209,70.26,0.688,0.413,101.676,616.268,3533.11,8.222,6.949,12.412,41.323,108.484,0.736,1.132,514.19,-1336.516,60.0,8.351,14.675
534.0,535.0,169.055,70.415,2.169,0.71,111.291,609.76,3506.775,26.392,9.716,18.448,46.355,110.29,2.56,1.3,572.395,-1348.545,60.0,31.784,17.042
535.0,536.0,158.688,68.8,1.96,0.429,-16.339,634.58,3534.431,24.255,6.48,12.953,39.71,109.065,1.3,2.299,491.631,-1344.142,60.0,15.656,25.4
536.0,537.0,157.128,68.507,0.112,0.335,-35.723,640.6,3547.679,1.374,4.62,4.445,41.0,108.467,0.516,1.147,509.328,-1341.894,60.0,6.577,15.109
537.0,538.0,156.952,68.288,0.195,0.382,-37.911,643.275,3547.426,2.427,4.732,2.19,41.067,108.133,2.394,2.717,510.108,-1337.394,60.0,29.454,33.946
538.0,539.0,158.11,67.777,0.248,0.561,-23.477,648.575,3541.676,3.089,6.663,3.451,40.655,108.862,0.755,0.73,504.216,-1344.133,60.0,9.315,8.959
539.0,540.0,158.519,67.509,0.414,0.316,-18.333,649.766,3530.021,5.13,5.044,8.924,42.935,109.065,1.19,1.076,530.611,-1342.156,60.0,13.883,12.181
540.0,541.0,164.166,70.443,2.956,1.277,51.14,609.888,3509.228,36.171,17.796,13.771,43.774,108.613,1.946,1.183,540.075,-1328.735,60.0,24.822,17.534
541.0,542.0,170.978,72.829,0.766,0.612,133.725,574.639,3473.93,9.215,8.141,8.618,44.355,107.065,0.935,1.48,542.882,-1296.562,60.0,11.235,17.99
542.0,543.0,167.345,70.084,1.652,0.997,90.032,612.188,3497.263,20.044,13.57,9.132,39.387,108.742,2.98,1.413,484.988,-1325.738,60.0,35.951,18.898
543.0,544.0,166.284,67.906,0.368,0.814,77.112,639.296,3499.544,4.481,10.565,6.187,37.345,106.724,0.92,2.391,460.115,-1302.045,60.0,11.576,29.421
544.0,545.0,165.874,68.462,0.361,1.443,71.612,628.445,3476.913,4.415,20.565,23.996,37.0,103.483,0.0,2.712,452.906,-1254.386,60.0,3.113,33.766
545.0,546.0,165.783,69.14,0.208,1.18,70.659,621.457,3484.429,2.505,15.096,7.709,36.742,104.226,0.841,2.31,450.682,-1266.116,60.0,10.13,27.983
546.0,547.0,167.497,69.869,1.37,1.969,91.362,611.461,3477.775,16.319,26.586,16.042,41.065,106.677,3.645,0.894,502.849,-1293.339,60.0,42.963,13.432
547.0,548.0,168.221,72.094,1.615,1.187,100.91,589.408,3507.666,18.647,20.802,39.046,42.226,108.935,1.66,1.865,521.449,-1332.237,60.0,15.848,35.146
548.0,549.0,165.138,68.131,1.232,2.239,64.367,650.604,3576.247,15.143,31.286,26.964,42.871,112.613,6.465,2.708,539.81,-1404.47,60.0,81.426,37.595
549.0,550.0,177.26,73.926,4.287,2.388,205.344,551.457,3410.139,47.942,38.745,70.99,57.133,112.8,3.344,1.815,689.166,-1342.25,60.0,40.219,39.344
550.0,551.0,180.808,75.74,0.493,0.976,245.0,521.209,3357.971,5.038,13.438,17.021,55.933,112.8,2.294,1.077,665.165,-1321.53,60.0,28.923,11.092
551.0,552.0,180.286,75.728,0.645,0.722,238.808,521.276,3357.73,6.24,8.66,21.688,53.207,114.448,0.609,1.162,632.447,-1340.757,60.0,7.458,19.632
552.0,553.0,179.622,75.39,0.601,0.903,231.752,526.9,3368.17,6.996,11.007,6.525,53.2,113.867,0.6,1.335,634.367,-1338.035,60.0,7.368,16.771
553.0,554.0,179.322,75.388,0.335,0.995,228.276,527.076,3369.138,3.581,12.109,12.794,53.519,112.926,0.876,1.386,638.356,-1327.393,60.0,11.487,17.948
554.0,555.0,178.468,72.952,1.733,1.719,217.76,555.018,3364.868,18.806,16.841,26.917,60.742,113.258,4.15,1.319,722.26,-1329.416,60.0,53.327,18.564
555.0,556.0,175.226,74.244,0.36,0.681,181.882,546.576,3406.4,4.528,9.214,9.128,66.467,114.733,1.147,1.692,799.006,-1363.369,60.0,13.733,19.384
556.0,557.0,177.366,74.726,0.791,0.342,206.661,538.877,3394.225,8.764,5.072,13.046,60.933,114.067,1.896,1.526,731.298,-1350.724,60.0,23.851,19.286
557.0,558.0,178.305,75.699,0.347,1.005,216.2,523.282,3368.254,4.017,12.961,10.38,58.448,114.31,2.343,1.206,696.639,-1343.2,60.0,29.039,14.439
558.0,559.0,177.325,73.704,0.455,1.539,207.008,553.208,3407.526,5.052,18.704,11.424,51.933,114.133,2.048,1.231,626.383,-1356.835,60.0,23.733,16.024
559.0,560.0,177.712,73.365,0.678,0.822,211.402,556.67,3403.975,7.698,10.435,11.905,54.8,114.267,1.492,1.504,660.29,-1357.039,60.0,17.44,19.373
560.0,561.0,177.703,75.338,0.562,0.669,210.019,529.832,3383.159,6.543,7.098,13.202,54.267,114.533,2.279,0.991,649.896,-1351.891,60.0,26.697,11.177
561.0,562.0,178.459,75.224,0.269,0.934,217.368,527.283,3358.251,2.969,10.943,15.386,49.467,113.733,2.291,0.964,588.186,-1332.391,60.0,27.978,13.823
562.0,563.0,177.884,74.784,0.382,0.591,210.602,532.449,3358.061,4.626,6.929,9.057,47.333,113.667,1.164,1.075,562.728,-1331.63,60.0,13.937,13.434
563.0,564.0,177.935,74.892,0.372,0.9,211.932,533.012,3369.661,4.589,10.716,8.678,51.621,113.483,3.022,1.004,615.739,-1333.975,60.0,36.107,12.369
564.0,565.0,177.725,74.556,0.389,0.46,209.105,536.068,3364.071,4.898,3.944,11.763,49.929,113.786,0.997,1.235,594.426,-1335.352,60.0,11.209,14.938
565.0,566.0,177.748,73.734,0.228,0.542,208.126,542.548,3344.082,2.576,7.275,10.782,50.6,113.6,1.083,1.281,598.699,-1325.269,60.0,13.394,15.838
566.0,567.0,178.328,72.629,0.624,0.881,215.922,558.052,3359.238,7.977,12.381,13.934,51.067,113.667,1.209,1.193,606.965,-1332.065,60.0,15.692,14.849
567.0,568.0,178.747,72.241,0.494,0.442,220.41,561.479,3352.724,5.85,4.354,14.506,51.733,113.467,1.413,1.231,613.693,-1327.084,60.0,16.919,14.161
568.0,569.0,178.629,73.316,0.305,0.84,220.217,551.851,3371.091,3.61,9.435,11.955,51.333,113.467,1.043,1.335,612.261,-1334.455,60.0,12.169,16.896
569.0,570.0,178.952,73.424,1.006,1.068,222.897,547.783,3353.806,11.954,13.291,12.59,56.467,113.533,3.462,1.258,670.342,-1328.308,60.0,41.438,16.899
570.0,571.0,181.233,75.608,1.057,2.317,248.321,519.572,3336.434,10.412,31.128,31.085,59.828,113.138,0.985,1.279,706.779,-1316.988,60.0,12.989,19.469
571.0,572.0,181.076,75.809,1.591,0.913,247.284,518.916,3348.141,16.766,14.854,30.97,51.333,112.8,2.97,1.579,608.397,-1317.74,60.0,34.513,26.538
572.0,573.0,168.45,70.322,2.926,1.368,104.507,617.117,3541.447,34.643,23.853,43.01,45.467,112.067,1.765,2.235,567.041,-1383.824,60.0,18.154,22.28
573.0,574.0,168.17,66.481,0.554,1.219,103.883,680.425,3625.355,7.301,17.593,14.826,41.6,109.333,2.318,2.134,531.128,-1381.975,60.0,28.36,25.199
574.0,575.0,168.785,67.274,0.354,1.172,110.381,662.545,3582.845,4.812,19.316,26.215,40.2,110.2,1.681,1.6,507.277,-1376.537,60.0,18.828,23.339
575.0,576.0,170.22,69.851,0.767,0.934,124.757,612.394,3482.433,8.802,11.366,17.97,37.621,107.414,1.585,1.327,462.234,-1304.004,60.0,20.675,18.785
576.0,577.0,171.057,70.346,0.628,1.69,135.384,607.996,3491.793,7.643,20.883,11.328,37.621,105.0,1.669,1.819,463.576,-1278.206,60.0,21.197,22.363
577.0,578.0,170.814,70.013,0.477,0.701,132.891,614.257,3504.24,5.904,9.636,10.746,39.867,105.0,1.688,3.098,492.908,-1282.802,60.0,21.52,38.274
578.0,579.0,170.107,69.693,0.516,0.672,125.138,622.956,3531.202,6.105,9.931,17.184,41.933,106.667,1.436,2.071,522.047,-1313.259,60.0,19.284,29.802
579.0,580.0,171.648,69.067,2.286,1.492,142.224,623.663,3490.793,26.054,25.233,47.144,48.667,112.867,3.059,3.384,598.305,-1374.043,60.0,31.383,31.495
580.0,581.0,166.555,78.33,3.911,3.429,75.938,477.089,3258.891,46.976,50.641,76.024,57.4,119.467,3.555,2.405,657.627,-1360.885,60.0,52.799,56.891
581.0,582.0,164.518,81.434,0.716,1.134,50.18,428.253,3166.542,8.03,13.328,8.791,63.733,115.067,2.657,0.964,706.907,-1273.37,60.0,28.571,9.851
582.0,583.0,162.002,84.281,1.004,0.903,22.179,395.298,3155.792,11.154,11.003,11.323,63.138,114.517,1.166,1.133,697.701,-1263.025,60.0,13.208,12.231
583.0,584.0,160.08,83.513,3.194,3.899,1.777,414.594,3238.158,37.077,48.922,85.202,63.733,119.2,4.885,2.33,724.065,-1348.957,60.0,75.119,56.365
584.0,585.0,166.702,86.029,1.184,1.225,82.136,417.018,3499.882,13.896,17.748,33.326,71.933,109.6,3.087,3.231,881.975,-1337.736,60.0,31.235,34.095
585.0,586.0,165.582,86.535,0.32,1.07,69.63,417.469,3557.567,3.95,12.845,5.842,69.867,104.8,1.335,4.206,870.664,-1300.248,60.0,16.872,50.692
586.0,587.0,165.5,86.924,0.203,0.905,68.463,411.709,3549.712,2.508,11.03,2.443,69.857,99.786,1.245,4.578,868.537,-1235.147,60.0,15.642,55.815
587.0,588.0,165.521,86.33,0.209,0.987,68.721,419.064,3549.307,2.594,12.117,2.273,69.8,101.6,0.98,3.972,867.895,-1257.407,60.0,11.87,48.515
588.0,589.0,165.665,85.407,0.198,0.552,70.486,430.416,3548.177,2.466,6.748,2.054,69.621,105.552,1.187,1.886,865.571,-1305.77,60.0,15.035,22.954
589.0,590.0,165.513,85.94,0.181,0.9,68.66,424.219,3551.829,2.248,11.054,1.97,69.6,102.0,1.172,4.435,866.045,-1263.246,60.0,14.492,54.348
590.0,591.0,165.458,86.919,0.172,0.703,67.955,411.868,3550.499,2.129,8.565,2.215,70.333,98.667,1.075,4.354,874.776,-1221.614,60.0,13.41,53.179
591.0,592.0,165.472,85.725,0.202,0.827,68.096,426.52,3548.716,2.528,10.077,2.311,70.533,103.067,0.846,4.147,876.79,-1275.291,60.0,10.677,50.646
592.0,593.0,166.088,84.882,0.545,0.833,75.687,436.636,3545.667,6.756,10.216,2.835,74.333,105.2,2.087,3.321,923.678,-1300.493,60.0,26.064,40.409
593.0,594.0,166.636,85.455,0.212,0.817,82.521,429.561,3546.106,2.617,9.905,3.159,76.333,103.467,1.3,3.452,948.948,-1279.274,60.0,16.274,41.763
594.0,595.0,166.86,85.39,0.236,0.685,85.202,429.888,3542.129,2.878,8.226,2.777,76.724,104.379,1.638,3.408,952.848,-1289.072,60.0,20.748,41.205
595.0,596.0,171.399,81.816,0.811,0.874,142.109,476.025,3555.076,10.175,10.895,4.665,44.8,106.467,6.052,2.363,561.508,-1319.625,60.0,74.032,28.65
596.0,597.0,171.629,81.698,0.339,0.307,144.612,476.284,3546.103,4.369,4.173,5.132,40.2,106.533,4.183,0.846,502.834,-1317.11,60.0,52.96,10.413
597.0,598.0,171.123,81.314,0.305,0.311,138.494,481.706,3550.841,3.705,4.254,5.081,43.483,107.759,4.746,1.103,544.408,-1334.004,60.0,59.887,13.247
598.0,599.0,171.734,81.124,0.301,0.864,145.731,482.833,3541.865,3.483,10.096,7.448,44.133,108.533,3.253,2.813,551.236,-1340.1,60.0,40.245,32.528
599.0,600.0,167.79,79.69,1.488,0.549,97.524,505.047,3573.05,18.162,5.356,15.905,44.133,109.733,4.372,1.093,554.2,-1366.908,60.0,52.988,11.987
600.0,601.0,169.344,79.792,1.308,0.674,116.778,502.806,3565.902,15.918,10.17,15.013,45.0,109.828,1.486,1.234,564.986,-1365.36,60.0,17.909,16.832
601.0,602.0,172.031,82.153,0.983,2.587,147.227,463.697,3491.626,11.202,36.103,41.744,49.3,108.7,2.124,2.704,606.492,-1323.492,60.0,21.874,37.825
602.0,603.0,161.358,91.691,4.18,2.467,16.594,327.314,3291.858,49.29,34.777,63.121,47.4,108.867,2.274,2.729,547.702,-1251.543,60.0,36.71,54.576
603.0,604.0,156.629,95.879,0.378,1.274,-38.312,274.01,3239.97,4.392,13.648,9.674,45.167,102.667,1.28,3.448,512.012,-1161.64,60.0,15.358,35.596
604.0,605.0,158.976,92.392,2.582,2.523,-11.402,318.208,3283.743,30.01,32.567,43.501,53.733,110.267,4.633,6.011,618.742,-1264.743,60.0,61.326,79.169
605.0,606.0,166.44,86.955,1.156,1.35,77.384,396.777,3423.489,14.313,18.12,18.186,55.5,113.5,4.555,1.936,667.167,-1356.045,60.0,51.43,26.724
606.0,607.0,173.029,82.965,1.59,1.089,161.644,459.124,3534.824,20.704,15.569,26.111,46.5,109.071,1.57,5.719,579.753,-1344.301,60.0,15.836,64.364
607.0,608.0,175.751,81.187,0.545,0.379,195.459,481.65,3538.839,6.647,4.819,18.295,44.0,109.75,1.0,1.714,550.51,-1354.152,60.0,13.583,16.288
608.0,609.0,171.136,84.038,1.522,0.774,131.173,423.315,3356.257,18.906,12.755,35.158,37.417,108.667,3.741,2.055,442.318,-1272.499,60.0,43.405,33.069
609.0,610.0,168.206,83.415,0.295,0.58,97.834,436.189,3399.927,3.48,7.17,10.051,43.0,108.143,0.0,0.99,514.242,-1282.779,60.0,1.516,11.512
610.0,611.0,168.056,82.06,0.214,0.276,95.334,448.978,3374.712,2.534,3.125,3.968,43.778,108.778,1.652,0.629,519.138,-1280.672,60.0,19.298,7.695
611.0,612.0,168.024,82.211,0.353,0.27,95.255,448.611,3385.419,4.234,2.695,3.95,43.0,108.333,2.309,0.943,511.629,-1279.523,60.0,27.112,10.912
612.0,613.0,167.291,82.742,0.607,1.902,85.822,438.438,3354.51,7.831,25.37,28.874,43.727,107.545,2.136,1.233,515.638,-1258.698,60.0,20.983,23.889
613.0,614.0,160.757,100.705,1.895,5.127,8.68,208.62,3060.055,21.633,63.31,90.176,48.778,116.111,1.133,4.122,524.384,-1240.938,60.0,25.655,23.672
614.0,615.0,172.387,109.998,6.888,4.091,124.086,101.82,2886.333,67.593,42.407,54.265,54.786,126.429,4.354,4.371,557.549,-1277.677,60.0,35.675,34.01
615.0,616.0,186.902,128.009,1.288,2.854,265.854,-79.151,2818.196,12.72,28.203,2.522,67.6,105.6,2.375,7.121,674.438,-1046.468,60.0,24.095,69.815
616.0,617.0,187.11,125.603,1.726,4.147,265.495,-55.124,2791.663,18.422,40.672,19.782,63.0,111.455,3.464,9.907,623.155,-1092.669,60.0,37.572,88.127
617.0,618.0,169.541,105.476,4.851,5.95,97.068,151.895,2945.712,46.409,66.138,91.814,55.429,134.0,2.692,4.914,574.087,-1380.677,60.0,13.448,34.116
618.0,619.0,165.157,90.59,0.634,3.951,59.235,339.695,3282.138,6.806,54.917,88.411,49.0,121.947,1.589,6.878,564.933,-1395.936,60.0,12.64,46.377
619.0,620.0,165.906,82.112,1.099,0.362,73.446,470.839,3543.935,13.876,3.666,13.959,41.696,109.87,2.176,0.991,519.377,-1357.434,60.0,25.171,15.515
620.0,621.0,167.275,82.312,0.071,0.16,90.711,469.9,3555.585,0.871,2.042,1.726,39.111,110.778,0.458,0.629,489.238,-1373.128,60.0,5.875,7.844
621.0,622.0,168.483,81.664,0.547,0.491,107.04,483.596,3597.474,7.208,5.117,10.944,41.778,109.667,0.975,1.155,529.375,-1375.464,60.0,11.444,11.28
622.0,623.0,169.93,81.253,0.647,0.91,125.282,488.896,3598.444,7.757,9.986,11.94,41.375,109.5,0.781,0.866,524.664,-1373.793,60.0,8.865,12.308
623.0,624.0,171.458,80.769,0.391,0.377,143.536,491.472,3572.51,4.748,4.5,4.815,42.857,109.714,0.915,1.623,539.631,-1366.481,60.0,11.436,19.505
624.0,625.0,172.14,80.674,0.599,0.389,151.473,490.715,3558.394,7.376,4.538,4.09,45.143,110.0,1.187,1.0,566.11,-1364.594,60.0,14.493,12.245
625.0,626.0,165.007,82.431,2.4,0.539,62.94,473.432,3593.877,29.808,4.528,19.056,43.4,108.6,3.666,1.2,547.799,-1360.724,60.0,48.184,10.411
626.0,627.0,161.3,82.873,0.492,0.314,16.535,472.205,3626.968,6.236,3.748,4.585,56.733,107.4,4.434,1.497,720.546,-1358.252,60.0,56.188,18.887
627.0,628.0,160.974,82.681,0.219,0.254,12.399,475.289,3631.885,2.794,3.143,1.738,58.5,108.7,3.217,0.954,743.963,-1376.522,60.0,40.736,11.793
628.0,629.0,161.252,82.602,0.472,0.274,15.948,476.444,3633.053,6.019,3.352,1.53,53.966,108.655,6.51,0.92,686.842,-1376.401,60.0,82.319,11.418
629.0,630.0,161.76,82.414,0.076,0.282,22.407,478.633,3631.509,0.982,3.349,2.266,46.286,107.571,0.958,1.178,589.663,-1361.862,60.0,12.211,15.546
630.0,631.0,161.591,82.546,0.407,0.292,20.26,476.996,3631.854,5.18,3.481,2.212,50.034,106.379,6.026,1.298,637.058,-1346.774,60.0,76.298,15.877
631.0,632.0,161.834,82.407,0.144,0.431,23.345,478.591,3630.506,1.841,5.271,1.961,45.714,106.143,0.958,1.457,582.171,-1343.286,60.0,12.444,17.983
632.0,633.0,163.229,82.149,1.265,0.412,40.762,478.797,3607.383,15.757,3.855,19.577,45.286,106.643,1.385,0.766,573.306,-1340.937,60.0,19.455,9.521
633.0,634.0,168.913,81.47,1.799,0.26,111.368,481.486,3563.638,22.408,3.505,3.719,45.0,106.5,1.0,0.866,564.598,-1322.836,60.0,12.652,11.727
634.0,635.0,171.803,80.864,0.268,0.465,147.221,488.16,3557.143,3.181,5.273,4.192,45.095,107.19,1.444,0.587,565.743,-1328.943,60.0,17.915,7.492
635.0,636.0,172.154,80.63,0.286,0.405,151.585,491.043,3556.83,3.538,4.937,1.71,44.25,107.0,1.392,0.0,555.099,-1326.469,60.0,17.414,0.642
636.0,637.0,172.55,82.099,1.808,2.077,155.186,468.373,3522.719,23.228,28.962,27.709,43.778,111.667,1.356,4.807,543.826,-1371.682,60.0,15.796,50.704
637.0,638.0,163.726,88.651,0.751,1.132,43.983,370.068,3365.598,8.908,15.95,25.782,47.333,117.333,3.145,1.374,559.194,-1378.525,60.0,32.803,18.962
638.0,639.0,173.224,88.626,0.603,0.839,155.957,370.062,3363.419,6.863,10.616,8.594,49.0,115.75,1.414,1.714,581.055,-1358.503,60.0,17.546,17.463
639.0,640.0,172.417,87.701,0.173,0.272,147.259,383.044,3381.941,2.059,3.07,1.844,48.905,114.714,0.75,0.7,583.018,-1353.627,60.0,8.931,8.085
640.0,641.0,172.133,87.774,0.178,0.253,143.797,381.947,3379.851,2.081,3.004,3.433,48.538,115.154,1.151,0.533,578.23,-1357.984,60.0,13.627,6.816
641.0,642.0,173.787,88.088,0.717,0.271,162.954,377.202,3370.785,8.348,3.125,3.483,47.867,115.4,0.991,0.8,569.015,-1357.244,60.0,12.061,9.658
642.0,643.0,175.087,88.185,0.294,0.216,178.024,375.404,3364.888,3.472,2.438,1.799,47.933,115.4,1.236,0.8,569.119,-1354.872,60.0,14.591,9.693
643.0,644.0,169.38,86.353,4.666,1.879,111.967,404.423,3425.308,54.702,27.651,43.028,47.133,114.467,1.024,1.454,568.138,-1367.708,60.0,12.218,13.908
644.0,645.0,163.802,81.781,1.175,0.269,47.708,477.831,3565.287,15.25,6.728,41.451,41.737,112.158,4.115,1.182,521.945,-1394.499,60.0,45.59,26.112
645.0,646.0,165.744,80.87,0.23,0.726,73.124,498.123,3630.327,3.042,8.514,6.309,37.091,113.182,3.642,1.8,473.467,-1432.936,60.0,45.654,22.947
646.0,647.0,164.328,80.789,0.791,0.64,54.742,495.878,3606.356,10.042,8.346,5.106,41.889,112.444,1.523,0.896,530.58,-1414.174,60.0,19.931,11.522
647.0,648.0,161.168,81.62,0.242,0.488,14.876,488.748,3631.521,3.057,6.071,6.713,39.375,110.875,1.452,1.111,501.08,-1404.262,60.0,18.867,12.913
648.0,649.0,161.07,81.533,0.12,0.348,13.651,490.546,3636.63,1.537,4.285,2.0,38.875,110.875,1.495,0.484,495.372,-1406.26,60.0,19.115,5.982
649.0,650.0,160.964,81.515,0.102,0.297,12.308,491.078,3638.911,1.31,3.511,2.899,39.571,111.571,0.904,1.4,504.481,-1415.954,60.0,11.515,17.12
650.0,651.0,161.135,81.561,0.313,0.361,14.463,490.037,3635.509,3.965,4.9,5.91,38.067,112.2,1.236,0.98,484.884,-1422.575,60.0,16.192,12.317
651.0,652.0,162.412,81.467,0.183,0.236,30.142,481.338,3562.295,2.439,2.946,26.652,42.75,112.0,3.072,1.0,533.781,-1391.377,60.0,34.602,22.163
652.0,653.0,161.864,80.618,0.68,0.294,22.982,485.026,3512.102,8.413,4.61,12.961,47.545,111.364,0.891,0.771,585.439,-1363.819,60.0,11.591,11.717
653.0,654.0,159.753,80.517,0.098,0.288,-2.986,477.82,3451.095,1.186,3.907,5.839,47.783,108.913,0.976,0.408,577.809,-1310.588,60.0,11.702,5.465
654.0,655.0,159.544,80.687,0.13,0.252,-5.523,475.831,3451.629,1.568,2.846,2.525,48.0,108.923,1.0,0.385,580.478,-1310.911,60.0,12.197,4.398
655.0,656.0,159.856,80.754,0.229,0.281,-1.747,475.652,3456.2,2.773,3.073,5.163,47.071,109.0,1.361,0.535,570.059,-1313.585,60.0,16.333,7.103
656.0,657.0,161.311,81.23,0.42,0.404,16.186,477.721,3513.824,5.234,5.813,21.196,47.522,110.913,2.061,0.717,585.444,-1358.973,60.0,25.897,11.341
657.0,658.0,162.378,81.242,0.383,0.547,29.288,477.436,3512.735,4.645,7.538,9.08,44.793,111.0,2.483,0.525,552.201,-1359.62,60.0,31.726,7.825
658.0,659.0,163.602,80.427,0.399,1.003,44.499,488.948,3523.181,4.864,14.0,12.716,46.455,111.364,2.271,0.771,574.486,-1368.151,60.0,29.361,12.314
659.0,660.0,162.56,78.85,0.188,0.257,31.896,512.775,3553.511,2.274,3.518,8.993,46.214,112.143,1.113,0.99,575.86,-1389.615,60.0,12.918,13.329
660.0,661.0,162.608,80.399,0.257,0.79,32.857,498.788,3592.03,3.255,8.385,13.589,41.857,112.143,2.356,0.99,527.279,-1404.753,60.0,28.09,12.998
661.0,662.0,161.998,80.843,0.263,0.315,25.393,497.807,3625.397,3.332,3.86,2.982,37.72,112.84,1.114,0.543,479.341,-1426.667,60.0,14.026,6.589
662.0,663.0,161.284,80.255,0.092,0.426,16.349,505.931,3630.059,1.177,5.132,2.328,38.667,113.333,1.374,0.745,491.785,-1434.738,60.0,17.53,9.09
663.0,664.0,161.38,80.836,0.093,0.526,17.476,495.805,3610.164,1.175,7.041,4.722,39.316,112.895,0.729,0.447,497.234,-1421.327,60.0,9.506,5.765
664.0,665.0,161.689,80.779,0.596,0.559,21.362,495.861,3605.278,7.576,7.773,5.848,40.818,112.818,1.029,0.575,515.697,-1418.431,60.0,12.307,7.074
665.0,666.0,164.16,79.935,0.078,0.688,53.146,511.907,3643.582,1.016,8.645,3.624,36.231,111.462,0.973,2.24,463.554,-1416.052,60.0,12.391,27.408
666.0,667.0,164.587,79.861,0.151,0.272,58.776,514.347,3654.227,1.925,3.483,1.502,35.4,111.8,0.8,0.98,454.315,-1424.434,60.0,10.158,12.019
667.0,668.0,163.502,83.55,1.646,1.983,42.678,445.341,3481.773,19.848,30.434,50.847,43.588,112.294,2.251,2.163,532.496,-1363.255,60.0,21.952,16.838
668.0,669.0,172.159,86.004,1.612,0.993,146.742,410.328,3442.107,19.333,11.455,5.68,49.867,109.733,4.403,5.428,604.792,-1317.756,60.0,53.413,63.91
669.0,670.0,171.206,87.385,0.382,0.759,135.555,394.525,3449.489,4.781,9.569,4.785,53.087,101.435,2.733,3.334,644.883,-1221.163,60.0,33.648,40.554
670.0,671.0,170.918,88.326,0.442,0.679,131.583,381.731,3436.846,5.285,7.978,2.55,54.241,98.586,5.569,3.08,656.339,-1182.615,60.0,66.705,36.274
671.0,672.0,171.951,87.189,0.367,0.628,144.159,395.791,3440.046,4.346,7.264,3.752,55.824,103.0,4.997,4.802,675.634,-1236.466,60.0,60.0,57.198
672.0,673.0,170.748,86.602,0.128,0.328,129.827,403.417,3444.585,1.683,3.6,5.026,49.074,108.259,1.152,1.109,594.458,-1301.043,60.0,13.371,14.008
673.0,674.0,171.169,86.973,0.13,0.381,135.123,399.569,3450.075,1.624,4.412,2.225,48.733,107.667,0.68,1.398,591.404,-1296.032,60.0,8.072,16.558
674.0,675.0,171.356,86.889,0.119,0.346,137.446,400.756,3451.566,1.438,4.094,1.578,44.13,107.522,0.991,1.058,536.434,-1294.898,60.0,11.929,12.692
675.0,676.0,171.282,86.178,0.058,0.35,136.668,409.724,3454.576,0.707,4.132,2.603,43.0,110.231,0.0,0.973,523.324,-1328.555,60.0,0.392,12.115
676.0,677.0,171.466,86.809,0.12,1.252,139.137,402.735,3460.389,1.543,14.79,4.38,43.0,108.158,0.0,4.913,524.2,-1305.736,60.0,0.66,58.122
677.0,678.0,171.411,87.181,0.08,0.61,138.564,398.535,3462.948,1.009,7.17,2.349,43.133,109.8,0.499,1.759,526.192,-1326.625,60.0,6.098,20.608
678.0,679.0,171.26,87.461,0.119,0.701,136.773,395.24,3463.875,1.491,8.254,2.858,44.571,108.571,0.821,3.133,543.647,-1312.152,60.0,9.829,37.264
679.0,680.0,171.217,87.435,0.121,1.239,136.237,395.481,3463.421,1.637,14.517,5.352,44.75,107.0,0.661,3.606,545.734,-1292.999,60.0,8.45,41.839
680.0,681.0,170.909,85.958,0.029,0.611,132.159,412.41,3454.773,0.42,7.118,3.028,44.111,111.889,0.994,1.37,536.694,-1348.522,60.0,11.781,16.155
681.0,682.0,170.9,86.12,0.087,0.422,132.097,410.587,3455.97,1.133,4.772,3.23,44.571,112.286,0.821,0.958,542.408,-1353.78,60.0,9.627,11.614
682.0,683.0,170.4,85.948,0.173,0.604,126.112,412.908,3457.927,2.09,7.149,2.223,44.517,111.276,0.856,1.798,542.024,-1342.419,60.0,10.38,21.15
683.0,684.0,170.207,85.739,0.105,0.416,123.79,415.537,3458.696,1.274,4.963,1.534,43.72,112.68,1.114,0.926,532.383,-1359.59,60.0,13.576,11.221
684.0,685.0,169.883,85.872,0.09,0.382,119.77,413.576,3455.833,1.095,4.422,2.167,43.0,112.733,0.0,1.123,523.092,-1359.104,60.0,0.327,13.425
685.0,686.0,169.829,85.84,0.076,0.38,119.21,414.288,3458.519,0.925,4.417,2.36,43.1,112.0,0.436,1.0,524.72,-1351.376,60.0,5.238,11.787
686.0,687.0,169.575,85.854,0.067,0.353,116.131,414.166,3458.875,0.824,4.213,1.815,43.087,111.87,0.408,2.346,524.615,-1349.951,60.0,4.97,28.277
687.0,688.0,169.487,85.708,0.089,0.363,115.035,415.815,3457.886,1.085,4.207,2.227,43.0,110.059,0.0,1.697,523.402,-1327.417,60.0,0.336,19.986
688.0,689.0,169.552,85.536,0.069,0.457,115.822,417.913,3458.012,0.802,5.324,2.381,43.0,110.652,0.0,0.96,523.421,-1334.555,60.0,0.359,11.434
689.0,690.0,169.128,85.731,0.388,0.451,110.636,415.331,3456.213,4.758,5.24,2.622,43.0,109.769,0.0,0.973,523.15,-1323.25,60.0,0.395,11.704
690.0,691.0,167.924,85.916,0.4,0.327,96.095,413.305,3458.04,4.86,3.772,2.079,42.333,110.333,0.943,1.285,515.049,-1330.73,60.0,11.31,15.102
691.0,692.0,167.389,86.087,0.101,0.464,89.709,411.75,3462.409,1.251,5.498,1.552,43.222,110.556,0.629,0.831,526.386,-1335.098,60.0,7.821,9.871
692.0,693.0,167.236,85.621,0.097,0.27,87.806,417.148,3460.243,1.19,3.098,2.065,44.238,111.0,0.971,0.0,538.23,-1339.606,60.0,11.705,0.804
693.0,694.0,167.545,86.229,0.15,0.396,91.734,410.617,3467.329,1.854,4.703,1.563,49.286,108.714,1.979,1.278,600.836,-1314.808,60.0,24.171,14.962
694.0,695.0,166.825,86.912,0.387,0.886,83.057,402.67,3470.531,4.674,10.446,3.433,53.875,102.5,1.409,5.408,657.124,-1241.004,60.0,17.418,64.228
695.0,696.0,165.966,87.778,0.064,0.356,72.647,392.336,3472.221,0.802,4.211,2.425,53.4,96.6,0.8,1.96,651.525,-1170.449,60.0,10.037,23.634
696.0,697.0,165.04,86.889,0.276,1.094,61.444,403.641,3476.477,3.381,12.914,4.592,54.125,102.875,1.409,5.633,660.664,-1247.657,60.0,17.426,66.817
697.0,698.0,164.164,86.538,0.15,0.527,50.663,407.142,3469.76,1.846,6.227,3.078,51.5,105.643,1.15,2.394,626.951,-1278.686,60.0,13.882,28.659
698.0,699.0,164.271,86.921,0.091,0.646,52.08,403.383,3477.591,1.133,7.671,2.669,51.522,104.13,0.878,3.48,628.557,-1263.295,60.0,10.731,41.704
699.0,700.0,164.253,87.484,0.159,0.703,51.882,396.631,3478.594,1.903,8.266,4.824,50.034,102.103,1.45,3.699,610.807,-1239.132,60.0,17.526,43.916
700.0,701.0,164.351,88.063,0.264,0.976,53.118,389.908,3481.554,3.238,11.779,1.797,49.111,99.111,0.458,4.446,600.117,-1203.986,60.0,5.574,53.4
701.0,702.0,165.334,88.64,0.335,0.431,65.125,382.864,3481.56,4.095,5.124,2.03,49.296,95.37,0.71,1.444,602.649,-1158.727,60.0,8.739,17.248
702.0,703.0,165.748,88.326,0.198,0.581,70.197,386.822,3482.68,2.424,7.0,1.42,49.0,96.5,0.0,2.598,599.364,-1172.777,60.0,0.244,31.274
703.0,704.0,165.449,88.605,0.08,0.154,66.566,383.513,3483.565,0.974,1.756,1.633,49.357,95.0,0.934,0.0,603.899,-1154.916,60.0,11.339,0.544
704.0,705.0,165.366,88.38,0.128,0.297,65.548,386.275,3483.742,1.611,3.489,2.431,51.0,95.4,0.0,0.8,623.811,-1159.82,60.0,0.542,9.75
705.0,706.0,165.811,88.65,0.066,0.126,71.145,383.822,3491.351,0.797,1.473,1.488,52.739,95.087,0.674,0.717,646.661,-1158.565,60.0,8.284,8.639
706.0,707.0,166.069,87.97,0.386,1.071,74.184,391.525,3486.061,4.555,12.326,7.416,53.667,98.111,2.828,4.332,656.957,-1193.361,60.0,33.275,50.297
707.0,708.0,167.441,84.732,0.17,0.723,90.545,429.159,3470.095,2.04,8.65,2.435,58.231,108.846,1.25,1.833,709.585,-1317.457,60.0,14.969,22.061
708.0,709.0,167.97,84.76,0.252,0.813,96.969,428.755,3469.659,3.026,9.779,1.684,57.0,109.571,0.0,2.77,694.643,-1326.036,60.0,0.233,33.264
709.0,710.0,168.894,84.235,0.136,0.222,107.999,434.283,3462.715,1.617,2.697,1.32,57.0,111.0,0.0,0.0,693.495,-1340.568,60.0,0.264,0.514
710.0,711.0,169.01,84.149,0.146,0.252,109.43,435.44,3463.671,1.752,2.928,1.694,56.667,110.933,0.907,1.209,689.686,-1340.136,60.0,10.906,14.387
711.0,712.0,171.438,84.244,1.143,0.548,139.0,434.55,3465.614,13.807,8.149,15.674,49.64,111.48,5.237,1.024,605.46,-1347.494,60.0,61.66,15.177
712.0,713.0,168.557,81.284,0.806,1.942,106.215,480.603,3540.447,9.791,22.973,13.566,44.867,112.4,7.658,1.474,559.361,-1387.999,60.0,94.386,19.709
713.0,714.0,170.945,78.176,0.688,0.219,135.035,516.04,3518.551,8.394,2.394,4.765,60.053,111.842,4.513,0.987,745.261,-1372.184,60.0,55.636,12.363
714.0,715.0,170.39,79.867,0.43,0.527,128.084,494.775,3515.7,5.238,6.173,3.301,54.52,110.84,4.244,1.255,675.812,-1358.811,60.0,52.468,14.947
715.0,716.0,169.386,80.543,0.659,0.357,115.886,487.137,3520.78,8.268,3.771,4.953,49.316,110.368,2.848,0.93,612.181,-1355.017,60.0,35.898,11.49
716.0,717.0,165.203,80.678,0.503,0.824,62.766,474.165,3438.092,6.579,14.555,35.053,42.474,112.789,1.568,1.104,514.329,-1352.815,60.0,18.543,23.394
717.0,718.0,164.956,86.38,2.116,3.268,57.264,390.952,3312.049,23.196,42.625,45.46,47.75,110.25,1.984,0.968,556.313,-1273.916,60.0,18.67,20.266
718.0,719.0,176.786,104.931,1.372,8.572,168.296,156.793,2871.965,4.525,88.616,168.591,59.667,130.333,3.771,8.769,602.498,-1305.809,60.0,10.2,22.069
719.0,720.0,182.217,136.176,0.813,10.273,178.734,-124.401,2290.983,16.194,68.193,154.342,75.0,144.5,5.916,3.571,604.291,-1163.462,60.0,6.337,59.565
720.0,721.0,179.308,209.99,4.554,12.722,77.534,-345.877,1125.85,26.567,20.34,221.136,91.091,55.091,21.452,31.98,372.884,-258.601,60.0,138.45,187.055
721.0,722.0,173.191,227.655,0.0,0.0,50.986,-416.11,1102.247,0.0,0.0,0.0,41.0,9.0,0.0,0.0,161.104,-57.615,60.0,0.0,0.0
729.0,730.0,146.433,141.381,0.0,0.0,-198.859,-313.406,4180.031,0.0,0.0,0.0,27.0,89.0,0.0,0.0,393.135,-1311.819,60.0,0.0,0.0
730.0,731.0,145.818,143.129,0.732,1.288,-201.344,-327.811,4045.913,13.241,12.609,77.836,28.172,99.621,1.234,2.172,397.063,-1421.442,60.0,13.836,30.194
731.0,732.0,148.239,142.822,0.377,0.69,-161.157,-312.705,3907.263,5.435,9.929,9.797,30.667,100.067,0.907,1.123,417.977,-1379.668,60.0,11.963,14.58
732.0,733.0,148.066,146.053,0.803,1.384,-162.369,-354.057,3877.187,12.751,16.601,63.155,31.8,100.8,0.98,2.088,430.086,-1379.061,60.0,9.556,28.189
733.0,734.0,148.542,155.013,1.781,3.731,-138.884,-418.829,3430.154,27.872,25.199,185.167,35.267,115.8,4.218,6.079,420.197,-1401.512,60.0,31.251,66.562
734.0,735.0,153.579,172.464,2.242,6.463,-63.638,-504.791,2766.501,25.017,29.487,185.082,46.867,113.067,5.365,2.279,451.441,-1110.546,60.0,26.896,93.619
735.0,736.0,163.045,184.101,2.45,1.616,22.85,-497.525,2212.152,17.728,36.24,134.161,73.467,103.333,5.903,3.015,570.379,-816.27,60.0,20.273,71.299
736.0,737.0,180.714,183.471,5.838,2.774,141.531,-434.555,1952.136,38.814,21.393,26.723,91.897,98.172,9.736,0.985,637.976,-685.959,60.0,70.396,14.045
737.0,738.0,217.47,187.596,14.793,6.833,376.765,-442.973,1867.638,98.563,47.774,15.071,88.133,102.8,12.422,14.943,592.838,-686.25,60.0,76.94,93.098
738.0,739.0,269.955,185.154,12.129,9.061,741.953,-439.759,1921.044,94.616,68.14,45.957,42.6,88.533,14.07,11.497,307.082,-609.78,60.0,89.268,66.144
739.0,740.0,278.957,189.485,1.767,7.665,875.974,-510.789,2099.461,27.04,50.319,34.483,12.429,57.857,3.332,21.377,116.106,-439.04,60.0,22.842,155.691
743.0,744.0,232.088,92.297,1.545,1.497,589.719,226.651,2333.095,10.268,12.411,16.56,71.909,153.364,1.564,1.666,605.343,-1253.431,60.0,15.289,10.147
744.0,745.0,230.707,96.297,0.0,0.0,580.259,194.523,2340.271,0.0,0.0,0.0,73.0,151.0,0.0,0.0,615.595,-1239.084,60.0,0.0,0.0
745.0,746.0,240.426,115.929,2.013,0.679,684.158,34.634,2425.99,15.812,5.807,11.482,62.6,113.2,1.497,1.4,549.64,-966.554,60.0,12.645,10.179
746.0,747.0,240.014,114.499,0.126,0.77,670.976,46.124,2391.355,1.034,6.433,1.02,61.0,115.0,0.0,0.0,528.464,-967.615,60.0,0.218,0.411
747.0,748.0,269.266,89.381,11.356,1.596,821.38,231.018,2149.09,66.004,17.277,52.964,71.25,183.75,18.288,1.392,563.63,-1382.652,60.0,148.696,24.393
748.0,749.0,287.805,104.494,0.0,0.0,975.9,118.401,2177.518,0.0,0.0,0.0,51.0,177.0,0.0,0.0,414.991,-1350.385,60.0,0.0,0.0
755.0,756.0,270.534,89.382,0.0,0.0,821.707,227.613,2119.947,0.0,0.0,0.0,71.0,181.0,0.0,0.0,550.008,-1343.966,60.0,0.0,0.0
757.0,758.0,171.872,76.854,6.345,0.876,108.601,404.043,2668.209,54.731,25.059,111.447,54.0,134.0,1.0,11.0,507.116,-1244.846,60.0,29.724,51.08
758.0,759.0,172.789,94.912,3.03,8.513,135.618,259.672,2994.278,36.609,75.691,126.745,50.333,95.0,1.886,11.314,530.15,-990.269,60.0,4.19,71.988
759.0,760.0,183.579,100.503,3.757,1.485,267.545,220.926,3227.155,47.013,20.516,54.338,50.0,93.0,1.0,6.0,570.437,-1052.005,60.0,21.37,85.41
760.0,761.0,192.049,100.456,0.179,0.176,379.905,231.678,3380.417,2.306,2.062,2.391,57.0,96.0,0.0,1.0,680.833,-1135.874,60.0,0.478,11.409
761.0,762.0,192.011,103.78,0.0,0.0,381.425,193.271,3397.943,0.0,0.0,0.0,59.0,95.0,0.0,0.0,708.377,-1129.759,60.0,0.0,0.0
762.0,763.0,194.074,102.493,0.289,0.889,405.589,208.41,3394.397,4.183,10.96,6.235,59.0,94.0,0.0,1.0,707.643,-1116.758,60.0,1.29,9.743
763.0,764.0,194.324,101.572,0.035,0.475,410.565,220.437,3411.087,0.104,5.965,4.37,59.0,94.0,0.0,1.0,711.096,-1122.266,60.0,0.904,10.416
764.0,765.0,194.906,101.868,0.212,0.407,417.814,217.029,3413.39,2.496,4.873,1.458,59.0,93.0,0.0,0.0,711.573,-1111.176,60.0,0.302,0.475
765.0,766.0,194.349,102.162,0.306,0.711,410.788,213.339,3410.408,4.354,8.865,5.807,59.0,93.0,0.0,0.0,710.956,-1110.203,60.0,1.202,1.894
766.0,767.0,194.384,101.663,0.318,0.348,412.104,219.782,3417.903,3.472,4.349,2.829,59.0,95.0,0.0,0.0,712.506,-1136.408,60.0,0.585,0.943
767.0,768.0,194.758,102.376,0.0,0.0,415.252,210.546,3406.873,0.0,0.0,0.0,59.0,93.0,0.0,0.0,710.224,-1109.051,60.0,0.0,0.0
768.0,769.0,194.057,102.907,0.264,0.529,405.571,203.554,3396.006,3.529,6.236,4.593,59.0,93.0,0.0,0.0,707.976,-1105.507,60.0,0.95,1.498
769.0,770.0,194.114,102.818,0.0,0.0,407.389,205.182,3405.525,0.0,0.0,0.0,59.0,93.0,0.0,0.0,709.946,-1108.611,60.0,0.0,0.0
771.0,772.0,182.932,106.661,0.0,0.0,243.019,141.355,3022.086,0.0,0.0,0.0,57.0,93.0,0.0,0.0,609.209,-983.143,60.0,0.0,0.0
772.0,773.0,201.213,108.712,0.752,0.815,448.224,122.776,3101.456,8.453,8.935,1.918,67.0,97.0,6.0,0.0,738.08,-1052.951,60.0,66.126,0.652
774.0,775.0,196.871,110.23,1.305,1.774,404.074,106.864,3124.365,17.57,18.31,29.245,75.0,99.667,1.633,0.943,829.031,-1090.579,60.0,24.39,18.631
776.0,777.0,204.663,110.878,0.252,0.037,494.944,101.091,3160.271,1.292,0.104,9.589,103.0,93.0,0.0,2.0,1151.442,-1029.327,60.0,3.463,25.291
777.0,778.0,204.489,111.143,0.019,0.018,493.436,98.23,3162.877,0.227,0.202,0.068,103.0,99.0,0.0,0.0,1152.383,-1097.078,60.0,0.025,0.024
778.0,779.0,203.97,111.246,0.533,0.219,488.848,97.34,3170.58,4.505,2.702,9.144,103.0,102.333,0.0,0.943,1155.165,-1136.865,60.0,3.303,9.003
780.0,781.0,204.674,111.801,0.021,0.077,493.763,90.625,3151.898,0.355,0.871,0.793,101.0,103.0,0.0,0.0,1126.523,-1137.477,60.0,0.281,0.286
781.0,782.0,205.272,111.995,0.0,0.0,500.951,88.574,3155.496,0.0,0.0,0.0,101.0,103.0,0.0,0.0,1127.797,-1138.776,60.0,0.0,0.0
782.0,783.0,204.544,111.566,0.613,0.397,494.57,93.663,3166.387,5.062,4.751,11.352,101.0,102.5,0.0,0.866,1131.654,-1137.072,60.0,4.021,5.728
784.0,785.0,207.278,113.227,0.09,0.605,512.689,73.482,3092.44,1.792,6.954,16.685,111.0,95.0,2.0,4.0,1214.841,-1029.903,60.0,15.404,48.935
785.0,786.0,200.474,111.369,0.0,0.0,447.771,95.489,3154.879,0.0,0.0,0.0,87.0,97.0,0.0,0.0,971.222,-1071.544,60.0,0.0,0.0
786.0,787.0,202.151,112.2,1.401,0.4,462.304,85.561,3127.901,14.588,4.602,8.847,88.333,95.8,6.353,0.98,977.668,-1049.35,60.0,69.064,12.709
787.0,788.0,206.542,112.177,0.329,0.251,505.925,85.038,3099.817,4.989,2.941,9.13,102.0,93.667,1.0,0.943,1119.082,-1016.977,60.0,14.108,11.612
788.0,789.0,205.681,112.48,0.205,0.203,494.63,81.429,3087.84,2.239,2.206,1.039,101.0,92.913,0.0,0.408,1103.835,-1004.917,60.0,0.368,4.439
789.0,790.0,205.817,112.06,0.152,0.135,497.178,86.161,3094.5,1.414,1.526,2.564,99.4,94.6,0.8,0.8,1088.658,-1025.221,60.0,8.077,9.269
790.0,791.0,205.952,112.023,0.181,0.16,499.447,86.702,3099.461,1.911,1.737,0.723,101.667,94.667,1.491,0.745,1115.267,-1027.507,60.0,16.386,8.051
791.0,792.0,204.569,111.777,1.179,0.201,485.667,89.616,3107.713,11.626,2.308,8.273,97.6,94.0,3.904,1.0,1073.361,-1023.082,60.0,40.397,11.281
792.0,793.0,201.5,111.949,0.704,0.204,456.863,88.629,3139.451,6.819,2.083,8.394,85.364,96.455,3.796,0.891,948.23,-1060.328,60.0,39.881,11.873
793.0,794.0,201.169,112.432,0.072,0.116,455.1,83.656,3152.415,0.888,1.298,0.733,81.0,96.0,0.0,1.0,903.512,-1059.754,60.0,0.208,10.709
794.0,795.0,201.224,112.289,0.075,0.116,455.71,85.238,3152.423,0.742,1.304,1.306,81.0,96.8,0.0,0.6,903.514,-1068.52,60.0,0.371,6.846
795.0,796.0,201.14,112.536,0.062,0.096,454.851,82.52,3152.918,0.733,1.06,0.709,81.0,95.0,0.0,0.0,903.655,-1048.974,60.0,0.201,0.236
796.0,797.0,201.21,112.531,0.04,0.014,455.489,82.556,3151.988,0.521,0.159,0.554,81.0,95.0,0.0,0.0,903.391,-1048.665,60.0,0.157,0.184
797.0,798.0,201.238,112.409,0.066,0.076,455.948,83.934,3153.014,0.73,0.839,0.459,81.0,95.0,0.0,0.0,903.683,-1049.007,60.0,0.131,0.153
798.0,799.0,201.202,112.468,0.075,0.147,455.378,83.25,3151.785,0.878,1.638,0.567,81.0,95.0,0.0,0.0,903.333,-1048.597,60.0,0.161,0.189
799.0,800.0,201.065,112.452,0.162,0.08,453.628,83.378,3150.148,1.895,0.893,1.212,80.556,96.111,0.831,0.994,897.913,-1060.254,60.0,9.399,10.76
800.0,801.0,201.271,112.312,0.065,0.126,455.892,84.926,3150.108,0.762,1.41,1.098,81.0,96.5,0.0,0.866,902.857,-1064.45,60.0,0.312,9.504
801.0,802.0,201.298,112.014,0.064,0.293,456.674,88.311,3153.46,0.868,3.294,1.945,81.0,97.0,0.0,0.0,903.809,-1071.061,60.0,0.552,0.662
802.0,803.0,201.161,111.891,0.068,0.11,455.561,89.752,3156.202,0.794,1.235,0.828,81.0,96.2,0.0,0.98,904.588,-1063.224,60.0,0.235,10.841
803.0,804.0,201.117,111.925,0.164,0.167,454.987,89.356,3155.604,1.875,1.862,0.864,81.0,96.333,0.0,0.943,904.418,-1064.484,60.0,0.245,10.462
804.0,805.0,200.939,111.977,0.092,0.132,453.071,88.793,3156.006,1.02,1.469,1.01,79.222,95.889,0.629,0.994,884.67,-1059.747,60.0,6.903,10.885
805.0,806.0,200.934,111.991,0.055,0.27,453.258,88.683,3157.645,0.626,3.021,1.252,79.0,97.0,0.0,0.0,882.642,-1072.484,60.0,0.347,0.426
806.0,807.0,201.018,112.318,0.076,0.065,453.872,84.998,3155.487,0.825,0.711,0.439,79.0,97.0,0.0,0.0,882.044,-1071.75,60.0,0.122,0.149
807.0,808.0,201.044,112.211,0.043,0.107,454.231,86.197,3155.969,0.469,1.195,0.623,79.0,97.0,0.0,0.0,882.178,-1071.914,60.0,0.173,0.212
808.0,809.0,201.024,112.267,0.041,0.119,453.945,85.565,3155.544,0.495,1.331,0.988,79.0,97.0,0.0,0.0,882.06,-1071.77,60.0,0.274,0.336
809.0,810.0,200.995,112.377,0.06,0.089,453.478,84.326,3154.497,0.544,0.996,1.19,79.0,97.0,0.0,0.0,881.77,-1071.414,60.0,0.33,0.405
810.0,811.0,201.008,112.292,0.041,0.055,453.797,85.294,3155.687,0.406,0.605,0.628,79.0,97.0,0.0,0.0,882.1,-1071.819,60.0,0.174,0.214
811.0,812.0,201.036,112.284,0.059,0.095,454.105,85.383,3155.733,0.596,1.038,0.832,79.0,97.0,0.0,0.0,882.112,-1071.834,60.0,0.23,0.283
812.0,813.0,201.007,112.281,0.045,0.067,453.901,85.435,3156.488,0.425,0.756,1.073,79.0,97.0,0.0,0.0,882.321,-1072.091,60.0,0.297,0.365
813.0,814.0,201.018,112.348,0.059,0.124,453.923,84.685,3155.86,0.673,1.388,0.772,79.0,97.0,0.0,0.0,882.147,-1071.877,60.0,0.214,0.263
814.0,815.0,201.001,112.273,0.069,0.105,453.724,85.511,3155.758,0.822,1.17,1.023,79.0,97.0,0.0,0.0,882.119,-1071.842,60.0,0.283,0.348
815.0,816.0,201.073,112.497,0.09,0.072,453.942,82.92,3151.728,0.953,0.792,0.704,80.5,96.833,0.866,0.553,897.738,-1068.647,60.0,9.569,6.06
816.0,817.0,201.236,112.558,0.233,0.139,455.381,82.187,3149.232,2.168,1.52,2.925,81.933,96.733,1.236,0.68,913.003,-1066.712,60.0,13.073,8.36
817.0,818.0,201.916,113.052,0.164,0.1,459.528,76.172,3126.375,0.866,1.111,7.2,87.0,93.364,0.0,0.771,962.526,-1022.4,60.0,2.197,8.423
818.0,819.0,203.576,113.269,1.032,0.25,471.203,72.792,3083.941,9.393,2.657,12.964,96.077,99.308,5.69,2.053,1048.442,-1073.233,60.0,58.002,19.775
819.0,820.0,214.222,115.197,0.398,0.383,577.516,51.163,3037.349,3.937,4.109,1.865,112.75,86.25,0.661,1.392,1212.336,-918.207,60.0,6.938,15.158
820.0,821.0,214.542,115.831,0.149,0.19,580.369,44.36,3034.47,1.49,2.03,0.938,112.067,83.667,0.998,0.943,1203.858,-890.111,60.0,10.915,9.957
821.0,822.0,213.164,114.217,1.145,1.159,568.966,61.961,3052.267,9.498,12.717,15.56,112.125,88.25,3.16,3.152,1211.404,-944.061,60.0,31.973,37.789
822.0,823.0,200.673,112.094,0.609,0.151,445.401,86.585,3123.006,5.199,1.751,10.226,85.0,94.111,0.0,0.994,939.385,-1029.209,60.0,3.048,13.708
823.0,824.0,199.643,111.782,0.259,0.234,439.635,91.144,3162.554,2.533,2.739,9.886,85.0,96.125,0.0,1.409,951.173,-1064.658,60.0,2.947,16.661
824.0,825.0,196.857,111.976,1.654,1.618,399.857,87.133,3093.037,20.298,18.011,19.793,76.0,94.0,5.745,2.903,832.233,-1018.369,60.0,67.755,36.839
825.0,826.0,192.074,117.284,1.802,2.138,339.808,29.0,3019.409,22.908,23.072,32.913,72.368,80.263,2.253,3.905,772.693,-850.034,60.0,20.27,50.323
826.0,827.0,199.443,112.197,1.016,0.764,435.047,86.085,3145.042,12.823,8.71,12.488,80.2,92.6,1.833,1.2,892.586,-1019.802,60.0,23.562,16.644
827.0,828.0,200.266,111.943,0.108,0.197,446.44,89.326,3161.802,1.188,2.181,1.443,81.0,93.0,0.0,0.0,906.179,-1029.549,60.0,0.41,0.47
828.0,829.0,199.708,112.433,0.493,0.45,438.008,83.48,3145.529,6.694,5.228,10.385,81.0,92.818,0.0,1.029,901.556,-1022.297,60.0,2.95,12.034
829.0,830.0,199.099,112.954,0.062,0.193,432.065,77.86,3151.31,0.775,2.11,1.978,81.0,92.875,0.0,0.857,903.198,-1024.838,60.0,0.562,9.476
830.0,831.0,199.049,113.123,0.081,0.166,431.516,75.993,3151.286,0.844,1.833,1.312,81.0,93.375,0.0,1.053,903.192,-1030.618,60.0,0.373,11.608
831.0,832.0,199.217,113.021,0.074,0.116,433.797,77.203,3154.412,0.849,1.291,1.151,81.0,94.778,0.0,0.629,904.08,-1047.037,60.0,0.327,6.859
832.0,833.0,199.201,113.086,0.051,0.053,433.595,76.476,3154.242,0.55,0.593,0.643,81.0,94.846,0.0,0.533,904.031,-1047.698,60.0,0.183,5.937
833.0,834.0,199.172,113.115,0.066,0.119,433.086,76.12,3152.847,0.937,1.353,2.992,81.0,94.8,0.0,0.6,903.635,-1046.763,60.0,0.85,7.037
834.0,835.0,199.193,113.128,0.078,0.176,433.074,75.934,3151.074,0.978,1.96,1.333,81.0,95.0,0.0,0.0,903.131,-1048.36,60.0,0.378,0.444
835.0,836.0,199.198,113.092,0.064,0.148,433.54,76.409,3154.056,0.683,1.627,0.914,81.0,95.0,0.0,0.0,903.979,-1049.354,60.0,0.26,0.304
836.0,837.0,199.195,113.092,0.076,0.116,433.526,76.409,3154.224,0.79,1.314,1.605,81.0,94.429,0.0,0.904,904.026,-1043.148,60.0,0.456,9.822
837.0,838.0,199.233,113.087,0.037,0.146,433.86,76.444,3153.612,0.469,1.619,1.059,81.0,95.0,0.0,0.0,903.852,-1049.206,60.0,0.301,0.353
838.0,839.0,199.241,112.996,0.0,0.0,433.848,77.437,3152.827,0.0,0.0,0.0,81.0,95.0,0.0,0.0,903.629,-1048.944,60.0,0.0,0.0
839.0,840.0,199.356,112.963,0.0,0.0,435.756,77.91,3157.443,0.0,0.0,0.0,81.0,95.0,0.0,0.0,904.94,-1050.482,60.0,0.0,0.0
840.0,841.0,199.448,112.87,0.0,0.0,436.646,78.92,3156.552,0.0,0.0,0.0,81.0,95.0,0.0,0.0,904.688,-1050.185,60.0,0.0,0.0
841.0,842.0,199.364,112.828,0.0,0.0,435.573,79.364,3155.519,0.0,0.0,0.0,81.0,97.0,0.0,0.0,904.394,-1071.761,60.0,0.0,0.0
842.0,843.0,199.33,113.212,0.0,0.0,435.46,75.153,3157.417,0.0,0.0,0.0,81.0,95.0,0.0,0.0,904.933,-1050.473,60.0,0.0,0.0
843.0,844.0,199.359,113.029,0.0,0.0,435.929,77.208,3158.487,0.0,0.0,0.0,81.0,95.0,0.0,0.0,905.237,-1050.83,60.0,0.0,0.0
844.0,845.0,199.356,113.091,0.0,0.0,435.561,76.463,3156.062,0.0,0.0,0.0,81.0,95.0,0.0,0.0,904.548,-1050.022,60.0,0.0,0.0
845.0,846.0,199.37,112.859,0.0,0.0,435.921,79.07,3157.498,0.0,0.0,0.0,81.0,95.0,0.0,0.0,904.956,-1050.5,60.0,0.0,0.0
847.0,848.0,199.334,113.167,0.062,0.171,435.327,75.624,3156.13,0.607,1.875,0.537,81.0,96.0,0.0,1.0,904.567,-1061.005,60.0,0.153,10.781
850.0,851.0,199.736,112.922,0.0,0.0,439.507,78.286,3154.208,0.0,0.0,0.0,81.0,97.0,0.0,0.0,904.022,-1071.315,60.0,0.0,0.0
851.0,852.0,199.803,112.713,0.0,0.0,441.178,80.765,3160.87,0.0,0.0,0.0,81.0,97.0,0.0,0.0,905.914,-1073.581,60.0,0.0,0.0
853.0,854.0,199.616,113.452,0.0,0.0,438.524,72.486,3156.69,0.0,0.0,0.0,81.0,97.0,0.0,0.0,904.727,-1072.16,60.0,0.0,0.0
854.0,855.0,195.846,112.815,0.0,0.0,394.595,79.097,3139.174,0.0,0.0,0.0,71.0,95.0,0.0,0.0,788.619,-1044.396,60.0,0.0,0.0
856.0,857.0,182.964,119.907,0.0,0.0,244.622,0.985,3037.737,0.0,0.0,0.0,81.0,77.0,0.0,0.0,866.731,-820.756,60.0,0.0,0.0
857.0,858.0,201.345,111.767,0.0,0.0,456.239,90.851,3146.831,0.0,0.0,0.0,75.0,93.0,0.0,0.0,836.348,-1025.087,60.0,0.0,0.0
861.0,862.0,202.529,111.521,0.0,0.0,469.253,93.558,3146.502,0.0,0.0,0.0,73.0,93.0,0.0,0.0,813.984,-1024.98,60.0,0.0,0.0
862.0,863.0,202.538,110.965,0.0,0.0,467.615,99.322,3134.865,0.0,0.0,0.0,73.0,95.0,0.0,0.0,811.005,-1042.96,60.0,0.0,0.0
864.0,865.0,202.468,111.514,0.0,0.0,466.929,93.304,3135.416,0.0,0.0,0.0,73.0,95.0,0.0,0.0,811.146,-1043.144,60.0,0.0,0.0
866.0,867.0,202.702,111.533,0.336,0.271,469.902,93.172,3138.059,4.096,3.055,3.042,73.0,94.5,0.0,0.866,811.823,-1038.467,60.0,0.779,9.407
867.0,868.0,202.637,111.89,0.0,0.0,468.938,89.198,3136.441,0.0,0.0,0.0,73.0,93.0,0.0,0.0,811.408,-1021.699,60.0,0.0,0.0
869.0,870.0,202.511,111.493,0.043,0.098,467.492,93.556,3136.035,0.629,1.111,1.034,73.0,95.0,0.0,0.0,811.305,-1043.35,60.0,0.265,0.344
871.0,872.0,202.982,111.394,0.0,0.0,472.154,94.536,3132.61,0.0,0.0,0.0,73.0,95.0,0.0,0.0,810.428,-1042.209,60.0,0.0,0.0
875.0,876.0,203.373,111.457,0.0,0.0,476.891,93.935,3135.501,0.0,0.0,0.0,73.0,95.0,0.0,0.0,811.168,-1043.172,60.0,0.0,0.0
880.0,881.0,204.595,111.916,0.0,0.0,488.806,88.604,3125.747,0.0,0.0,0.0,63.0,95.0,0.0,0.0,700.113,-1039.923,60.0,0.0,0.0
882.0,883.0,204.946,111.421,0.0,0.0,492.979,94.099,3127.844,0.0,0.0,0.0,61.0,95.0,0.0,0.0,678.85,-1040.621,60.0,0.0,0.0
885.0,886.0,204.794,111.507,0.0,0.0,491.062,93.102,3126.267,0.0,0.0,0.0,61.0,95.0,0.0,0.0,678.513,-1040.096,60.0,0.0,0.0
888.0,889.0,204.426,111.283,0.0,0.0,487.212,95.595,3127.407,0.0,0.0,0.0,63.0,93.0,0.0,0.0,700.48,-1018.332,60.0,0.0,0.0
889.0,890.0,204.854,111.575,0.096,0.093,491.195,92.259,3122.872,1.097,1.023,1.126,61.0,93.5,0.0,0.866,677.787,-1022.381,60.0,0.241,9.614
890.0,891.0,204.811,111.79,0.0,0.0,491.362,90.026,3126.989,0.0,0.0,0.0,61.0,95.0,0.0,0.0,678.667,-1040.337,60.0,0.0,0.0
891.0,892.0,204.859,111.327,0.0,0.0,491.708,95.067,3125.849,0.0,0.0,0.0,61.0,95.0,0.0,0.0,678.424,-1039.957,60.0,0.0,0.0
893.0,894.0,204.856,111.492,0.109,0.16,491.099,93.147,3122.162,0.638,1.858,3.52,61.0,95.0,0.0,0.0,677.635,-1038.729,60.0,0.753,1.172
895.0,896.0,205.068,111.449,0.51,0.016,494.751,93.867,3130.517,6.413,0.023,5.148,61.0,95.0,0.0,0.0,679.422,-1041.512,60.0,1.101,1.715
896.0,897.0,205.119,111.577,0.0,0.0,494.961,92.405,3128.331,0.0,0.0,0.0,63.0,95.0,0.0,0.0,700.684,-1040.784,60.0,0.0,0.0
898.0,899.0,204.857,111.527,0.085,0.184,491.919,92.92,3127.314,0.938,2.02,0.766,61.0,94.333,0.0,0.943,678.737,-1033.064,60.0,0.164,10.476
899.0,900.0,204.637,111.607,0.033,0.116,489.356,92.018,3126.367,0.286,1.291,0.468,61.0,95.0,0.0,0.0,678.534,-1040.13,60.0,0.1,0.156
901.0,902.0,204.887,111.765,0.0,0.0,491.903,90.244,3125.11,0.0,0.0,0.0,61.0,95.0,0.0,0.0,678.266,-1039.711,60.0,0.0,0.0
902.0,903.0,204.517,111.717,0.146,0.018,486.036,90.433,3113.477,1.608,0.198,0.086,62.0,95.0,1.0,0.0,686.59,-1035.835,60.0,10.831,0.029
905.0,906.0,204.594,111.775,0.0,0.0,485.684,89.578,3105.881,0.0,0.0,0.0,63.0,95.0,0.0,0.0,696.145,-1033.305,60.0,0.0,0.0
908.0,909.0,190.936,113.303,3.112,1.07,331.664,71.884,3051.307,39.778,12.856,59.783,69.0,88.0,4.0,3.0,745.129,-941.169,60.0,57.686,50.233
909.0,910.0,196.724,113.23,0.0,0.0,407.219,75.075,3162.187,0.0,0.0,0.0,79.0,95.0,0.0,0.0,883.058,-1052.062,60.0,0.0,0.0
911.0,912.0,196.78,113.361,0.0,0.0,407.16,73.491,3156.902,0.0,0.0,0.0,79.0,95.0,0.0,0.0,881.594,-1050.302,60.0,0.0,0.0
916.0,917.0,196.848,113.649,0.0,0.0,408.4,70.394,3160.626,0.0,0.0,0.0,79.0,95.0,0.0,0.0,882.626,-1051.543,60.0,0.0,0.0
917.0,918.0,196.96,113.46,0.048,0.074,409.463,72.455,3159.251,0.596,0.835,0.553,79.0,95.0,0.0,0.0,882.245,-1051.084,60.0,0.153,0.184
919.0,920.0,197.053,113.231,0.0,0.0,410.719,75.029,3161.042,0.0,0.0,0.0,79.0,93.0,0.0,0.0,882.741,-1029.301,60.0,0.0,0.0
920.0,921.0,196.849,113.318,0.0,0.0,408.539,74.083,3161.651,0.0,0.0,0.0,79.0,91.0,0.0,0.0,882.91,-1007.537,60.0,0.0,0.0
921.0,922.0,196.923,113.257,0.025,0.035,409.154,74.727,3160.094,0.206,0.38,0.503,79.0,94.0,0.0,1.0,882.479,-1040.391,60.0,0.139,11.142
922.0,923.0,196.952,113.435,0.06,0.088,409.43,72.741,3159.684,0.671,0.986,1.049,79.0,93.667,0.0,0.943,882.365,-1036.596,60.0,0.291,10.367
923.0,924.0,196.934,113.221,0.0,0.0,409.339,75.131,3160.543,0.0,0.0,0.0,79.0,95.0,0.0,0.0,882.603,-1051.515,60.0,0.0,0.0
924.0,925.0,196.825,113.578,0.0,0.0,408.236,71.198,3161.396,0.0,0.0,0.0,79.0,93.0,0.0,0.0,882.84,-1029.837,60.0,0.0,0.0
928.0,929.0,195.644,112.712,1.183,0.588,384.013,78.502,3072.764,11.041,5.939,14.205,76.667,97.667,5.217,1.886,833.636,-1051.565,60.0,58.872,24.06
934.0,935.0,199.269,112.688,0.0,0.0,433.937,80.797,3151.218,0.0,0.0,0.0,63.0,95.0,0.0,0.0,704.478,-1048.408,60.0,0.0,0.0
947.0,948.0,199.377,112.907,0.0,0.0,435.705,78.48,3155.37,0.0,0.0,0.0,63.0,95.0,0.0,0.0,705.395,-1049.791,60.0,0.0,0.0
950.0,951.0,199.413,112.668,0.0,0.0,436.155,81.137,3155.755,0.0,0.0,0.0,63.0,95.0,0.0,0.0,705.48,-1049.92,60.0,0.0,0.0
954.0,955.0,181.211,90.083,0.0,0.0,199.146,280.894,2677.463,0.0,0.0,0.0,69.0,141.0,0.0,0.0,652.994,-1318.059,60.0,0.0,0.0
955.0,956.0,193.475,98.205,1.025,1.815,284.036,185.149,2418.03,15.096,19.561,54.572,44.0,162.0,3.0,3.0,381.024,-1369.062,60.0,33.963,5.248
956.0,957.0,192.345,99.455,0.0,0.0,263.067,167.097,2319.36,0.0,0.0,0.0,43.0,165.0,0.0,0.0,356.777,-1338.3,60.0,0.0,0.0
957.0,958.0,194.146,99.383,0.0,0.0,277.061,167.286,2313.869,0.0,0.0,0.0,49.0,165.0,0.0,0.0,405.685,-1335.123,60.0,0.0,0.0
959.0,960.0,241.567,115.336,0.0,0.0,698.646,39.945,2442.582,0.0,0.0,0.0,69.0,137.0,0.0,0.0,608.365,-1174.816,60.0,0.0,0.0
960.0,961.0,241.493,116.897,0.161,0.317,699.39,26.629,2447.388,2.658,2.676,4.468,70.0,134.0,1.0,1.0,618.2,-1151.679,60.0,7.591,6.378
961.0,962.0,244.346,106.259,2.008,1.314,701.248,114.146,2371.617,7.684,9.588,31.24,70.2,162.6,0.98,7.632,602.818,-1350.283,60.0,10.859,45.661
962.0,963.0,287.641,119.97,11.772,10.928,969.757,-1.795,2161.724,112.873,82.832,52.81,43.0,170.0,24.0,9.0,347.92,-1285.957,60.0,171.443,35.164
963.0,964.0,301.652,182.65,0.0,0.0,1197.475,-529.623,2410.738,0.0,0.0,0.0,13.0,27.0,0.0,0.0,139.459,-241.188,60.0,0.0,0.0
971.0,972.0,235.784,168.226,14.832,4.203,552.8,-351.769,2079.96,108.14,31.157,30.355,131.857,137.0,0.99,0.0,975.006,-1009.024,60.0,16.047,14.583
972.0,973.0,263.324,165.529,28.738,13.841,735.874,-324.011,2031.978,205.315,99.759,62.456,43.4,130.7,45.658,14.146,332.698,-940.849,60.0,323.27,98.28
973.0,974.0,156.037,179.015,4.544,7.322,-34.469,-468.791,2289.613,37.007,20.57,201.795,57.214,109.071,4.546,4.053,457.41,-891.264,60.0,16.451,109.395
974.0,975.0,150.572,159.015,1.449,5.201,-105.22,-424.87,3142.584,24.307,21.916,282.878,36.6,118.867,5.017,2.526,397.864,-1323.527,60.0,26.766,140.925
975.0,976.0,148.392,141.729,0.481,4.816,-166.916,-308.359,4102.437,11.1,49.473,255.065,29.733,104.067,1.093,10.142,424.917,-1496.833,60.0,16.823,62.796
976.0,977.0,146.287,131.976,1.456,2.669,-233.407,-201.647,4836.681,32.362,38.792,170.887,27.467,81.667,1.335,5.804,463.531,-1387.882,60.0,30.892,58.638
977.0,978.0,143.987,129.695,1.088,4.37,-295.223,-179.334,5252.647,24.226,82.946,83.935,27.621,70.241,2.784,2.192,505.305,-1298.445,60.0,48.191,38.724
978.0,979.0,143.102,138.878,0.369,0.195,-319.567,-357.043,5393.392,6.025,4.765,18.201,21.5,63.0,0.866,2.449,403.275,-1196.479,60.0,15.361,44.522
980.0,981.0,142.674,145.264,0.315,0.005,-347.496,-506.682,5719.144,6.978,1.071,10.866,15.0,43.0,2.0,0.0,297.7,-868.157,60.0,39.749,1.638
986.0,987.0,131.36,162.64,1.659,11.834,-188.521,-274.784,1876.519,18.859,56.621,147.124,87.333,145.0,5.344,6.532,565.99,-965.422,60.0,17.895,116.85
987.0,988.0,146.039,105.289,4.803,11.654,-130.457,148.898,2729.872,34.239,117.673,202.489,61.273,141.364,3.319,11.08,581.651,-1346.176,60.0,18.679,53.912
988.0,989.0,159.765,80.637,5.598,5.026,-0.234,453.476,3269.162,63.558,74.354,126.909,50.68,120.28,2.379,3.747,580.583,-1371.952,60.0,12.534,36.183
989.0,990.0,169.317,71.766,0.279,0.861,114.139,590.93,3493.616,3.35,11.825,10.554,47.0,111.889,0.0,1.37,578.214,-1363.19,60.0,1.739,16.056
990.0,991.0,168.777,70.339,0.742,0.318,107.619,608.64,3495.049,9.567,4.204,18.543,47.2,113.2,0.6,2.272,580.729,-1379.928,60.0,5.773,22.159
991.0,992.0,158.575,76.358,3.443,2.949,-15.624,510.391,3328.802,40.117,48.51,93.79,43.0,122.6,2.366,7.838,502.807,-1423.595,60.0,41.141,57.898
992.0,993.0,175.094,96.567,10.524,8.006,155.155,243.423,2951.691,107.567,85.761,36.021,62.4,111.4,7.851,9.287,650.006,-1153.248,60.0,76.643,107.061
993.0,994.0,190.096,105.946,2.715,4.445,303.457,141.442,2874.274,28.623,44.098,15.194,71.0,106.25,4.796,10.244,724.129,-1071.672,60.0,51.796,97.766
994.0,995.0,166.98,88.281,5.115,4.522,73.119,341.36,3055.371,51.481,59.374,97.394,53.364,131.0,2.057,4.348,572.688,-1398.791,60.0,15.001,25.568
995.0,996.0,165.668,74.415,2.492,4.09,69.0,549.735,3430.601,30.941,62.964,95.07,49.0,117.889,1.333,6.262,590.876,-1409.494,60.0,11.773,40.381
996.0,997.0,164.767,71.087,1.413,0.922,59.401,610.401,3558.571,17.335,13.162,17.129,43.4,110.2,1.497,0.98,542.182,-1367.156,60.0,17.69,15.435
997.0,998.0,162.265,70.843,0.663,0.222,28.424,616.82,3578.272,8.337,3.318,6.774,41.2,108.8,1.887,0.6,516.867,-1357.331,60.0,24.29,7.569
998.0,999.0,161.48,71.575,0.321,0.286,18.521,606.127,3569.433,3.997,2.804,5.78,38.714,108.429,1.278,0.904,484.159,-1349.35,60.0,16.434,11.471
999.0,1000.0,160.906,70.035,0.284,0.418,11.327,625.469,3569.766,3.517,7.067,17.942,41.182,109.909,0.575,0.996,515.192,-1367.841,60.0,8.514,12.779
1000.0,1001.0,160.292,70.651,0.199,0.371,3.672,620.045,3583.034,2.499,4.768,3.486,39.444,110.556,1.832,0.831,495.135,-1381.027,60.0,23.276,11.051
1001.0,1002.0,159.715,71.354,0.586,0.466,-3.56,609.089,3570.479,7.332,7.132,9.036,40.111,109.0,0.994,1.333,501.521,-1356.845,60.0,12.452,17.075
1002.0,1003.0,157.894,71.154,0.972,0.656,-26.163,607.752,3548.03,12.068,9.84,13.558,38.778,107.0,1.474,1.633,481.667,-1323.627,60.0,17.853,23.096
1003.0,1004.0,160.974,69.878,0.162,0.511,12.367,636.216,3619.767,2.059,6.34,2.574,40.0,110.25,1.0,0.968,507.47,-1391.416,60.0,12.679,12.204
1004.0,1005.0,160.983,69.931,0.316,0.386,12.361,629.972,3588.05,3.966,5.119,6.7,37.8,110.0,1.327,1.0,475.306,-1376.044,60.0,17.175,13.656
1005.0,1006.0,160.626,70.716,0.157,0.561,7.885,621.13,3594.004,1.985,7.704,4.625,39.364,110.818,0.771,0.575,495.681,-1388.559,60.0,9.449,7.747
1006.0,1007.0,160.474,71.374,0.182,0.346,5.955,611.341,3585.258,2.283,4.564,7.185,39.25,111.0,1.199,0.0,492.965,-1387.425,60.0,15.104,2.797
1007.0,1008.0,160.276,71.299,0.137,0.336,3.478,613.651,3593.289,1.727,3.459,6.913,39.857,111.0,0.99,0.0,501.661,-1390.551,60.0,12.409,2.691
1008.0,1009.0,160.148,71.02,0.256,0.433,1.861,616.212,3587.79,3.222,4.501,6.63,38.273,110.818,0.962,0.575,481.072,-1386.142,60.0,12.259,7.473
1009.0,1010.0,160.36,70.824,0.42,0.709,4.519,619.442,3592.293,5.282,7.553,11.347,39.182,109.182,1.336,1.029,493.211,-1367.457,60.0,17.822,14.086
1010.0,1011.0,160.498,70.857,0.305,2.847,6.295,620.127,3598.641,3.873,35.783,13.026,39.615,108.692,0.923,0.722,499.327,-1363.747,60.0,10.328,8.994
1011.0,1012.0,160.758,80.266,0.075,0.389,9.607,503.897,3616.505,0.953,4.689,1.883,39.857,109.571,1.807,0.904,505.02,-1381.62,60.0,22.738,11.293
1012.0,1013.0,161.216,80.249,0.086,0.269,15.385,502.98,3608.383,1.085,3.505,2.415,38.5,108.5,0.866,0.866,486.992,-1365.06,60.0,10.793,11.386
1013.0,1014.0,161.467,80.275,0.235,0.132,18.519,501.393,3599.282,2.948,1.679,3.606,39.0,109.0,1.789,0.0,492.147,-1367.852,60.0,22.716,1.378
1014.0,1015.0,162.077,80.022,0.191,0.189,26.119,502.84,3586.851,2.403,2.451,2.378,38.818,110.091,0.575,0.996,488.318,-1376.708,60.0,7.257,12.549
1015.0,1016.0,162.201,79.585,0.246,0.307,27.766,509.779,3597.041,3.139,4.131,4.871,41.2,110.0,1.077,1.342,519.86,-1379.514,60.0,14.103,17.751
1016.0,1017.0,163.461,80.621,0.581,1.125,43.927,499.684,3618.658,7.414,13.788,4.256,41.333,106.0,1.202,4.583,524.913,-1337.451,60.0,15.046,56.48
1017.0,1018.0,160.91,80.068,0.611,0.264,11.532,506.171,3614.794,7.74,3.293,1.737,39.867,109.467,0.991,0.846,504.868,-1379.645,60.0,12.552,10.457
1018.0,1019.0,161.027,79.951,0.209,0.307,13.015,507.55,3614.051,2.637,3.78,2.998,39.692,108.385,1.233,1.211,502.612,-1365.761,60.0,15.659,15.176
1019.0,1020.0,161.826,80.096,0.185,0.404,23.057,503.764,3600.099,2.329,4.821,3.428,37.714,108.857,1.221,1.059,476.086,-1366.369,60.0,15.29,12.693
1020.0,1021.0,163.669,79.431,0.876,0.653,46.873,517.475,3637.471,11.409,8.768,22.175,35.4,110.4,2.417,2.538,452.12,-1400.155,60.0,28.327,33.275
1021.0,1022.0,164.425,79.481,0.317,0.784,56.948,521.407,3669.659,4.105,10.049,4.003,34.28,109.88,2.108,3.581,442.081,-1405.977,60.0,26.895,45.582
1022.0,1023.0,162.168,80.72,0.267,0.296,27.576,499.516,3626.424,3.464,4.54,8.253,37.933,106.867,1.236,1.543,482.491,-1351.355,60.0,16.182,21.911
1023.0,1024.0,162.414,80.462,0.112,0.361,30.671,502.258,3622.637,1.425,4.411,2.729,38.304,108.739,1.397,1.594,486.707,-1373.485,60.0,17.715,19.618
1024.0,1025.0,162.216,80.157,0.114,0.095,28.188,506.858,3627.806,1.462,1.242,1.369,37.333,109.333,0.745,0.745,475.006,-1382.96,60.0,9.388,9.446
1025.0,1026.0,162.194,79.902,0.323,0.366,27.824,508.465,3616.071,4.119,5.283,9.144,36.909,110.091,0.417,1.311,468.082,-1387.979,60.0,5.817,16.129
1026.0,1027.0,161.6,80.717,0.794,0.265,20.095,493.511,3582.585,9.989,3.675,5.884,37.0,109.667,1.633,0.943,464.646,-1369.771,60.0,20.362,11.558
1027.0,1028.0,164.511,80.512,0.502,0.621,56.891,497.999,3596.397,6.378,7.949,4.319,35.667,111.267,1.193,1.611,450.836,-1395.168,60.0,14.92,19.619
1028.0,1029.0,154.921,83.416,4.141,1.224,-60.939,444.374,3462.446,49.992,20.785,50.256,41.833,110.0,4.652,3.416,505.79,-1329.414,60.0,48.923,60.159
1029.0,1030.0,150.437,84.481,1.304,0.56,-114.009,423.405,3399.337,15.643,7.068,6.456,65.5,112.0,4.252,1.528,776.989,-1328.116,60.0,50.065,16.785
1030.0,1031.0,162.884,85.053,5.919,0.568,34.467,417.137,3403.893,70.643,6.9,3.168,59.286,113.5,6.474,1.018,707.204,-1347.764,60.0,74.966,12.504
1031.0,1032.0,170.794,84.691,1.655,0.538,130.16,426.171,3441.782,19.221,8.416,21.093,47.385,114.077,1.666,1.141,574.158,-1369.724,60.0,18.17,17.797
1032.0,1033.0,164.5,80.773,1.72,1.554,55.512,485.596,3528.874,20.681,23.707,33.737,50.769,112.846,2.952,2.348,629.275,-1388.516,60.0,38.074,19.904
1033.0,1034.0,165.651,79.051,0.663,0.313,70.744,512.607,3569.809,8.349,3.683,3.027,44.875,110.75,2.176,0.661,563.011,-1378.309,60.0,26.84,8.329
1034.0,1035.0,167.774,80.464,0.514,0.556,97.039,493.588,3560.16,6.214,7.861,8.434,38.517,110.793,1.453,0.609,482.549,-1375.109,60.0,18.543,10.223
1035.0,1036.0,163.995,87.186,6.723,6.066,50.741,392.421,3385.088,78.359,84.952,150.129,39.615,116.077,7.206,3.892,467.01,-1370.278,60.0,62.322,54.028
1036.0,1037.0,118.633,112.168,10.505,4.055,-415.02,80.702,2886.866,93.132,44.022,103.131,60.615,130.462,5.234,6.941,605.316,-1317.826,60.0,68.016,40.833
1037.0,1038.0,106.554,123.128,3.19,2.01,-494.844,-28.71,2638.61,34.931,18.386,35.078,67.0,137.471,3.498,2.872,608.904,-1272.779,60.0,37.305,15.318
1038.0,1039.0,124.543,125.065,1.958,0.324,-321.127,-45.875,2582.791,17.651,2.965,2.314,61.0,141.526,2.052,1.428,545.006,-1282.934,60.0,18.856,12.707
1039.0,1040.0,124.292,125.147,0.9,0.368,-324.607,-46.783,2592.277,8.73,3.313,5.033,62.231,141.923,1.476,0.997,558.125,-1291.222,60.0,13.261,9.102
1040.0,1041.0,108.382,124.418,5.595,0.447,-477.515,-40.83,2636.306,54.347,3.974,16.61,65.0,138.556,3.651,2.166,590.024,-1282.076,60.0,36.215,12.485
1041.0,1042.0,101.164,124.171,0.723,0.239,-548.729,-38.905,2659.571,7.659,2.266,4.631,68.733,137.133,1.236,0.499,628.55,-1280.291,60.0,12.418,5.36
1042.0,1043.0,101.197,124.796,0.513,0.235,-549.922,-44.853,2666.898,4.838,2.207,1.296,67.824,137.941,0.984,0.998,621.886,-1291.284,60.0,9.124,9.26
1043.0,1044.0,102.706,123.393,1.476,1.341,-538.263,-31.823,2679.464,11.257,12.51,13.888,67.88,139.8,1.395,1.265,625.713,-1314.28,60.0,15.816,12.021
1044.0,1045.0,126.405,110.082,13.052,8.956,-336.931,103.758,2898.528,121.919,95.477,109.448,65.621,137.621,9.368,3.718,657.739,-1396.472,60.0,83.456,37.247
1045.0,1046.0,159.304,85.991,5.335,2.908,-6.038,416.718,3483.373,63.583,49.601,131.963,48.481,118.63,2.347,2.497,591.712,-1442.323,60.0,22.17,61.138
1046.0,1047.0,167.457,82.479,0.532,0.35,95.72,481.598,3660.302,6.957,4.868,6.066,52.0,118.538,1.494,1.278,669.156,-1513.917,60.0,20.289,15.362
1047.0,1048.0,167.867,82.511,0.312,0.364,100.61,479.416,3646.762,4.103,5.509,13.173,53.769,118.769,0.973,1.28,689.472,-1511.222,60.0,12.934,15.138
1048.0,1049.0,166.838,83.576,1.112,0.95,82.727,439.577,3440.825,14.852,19.466,101.321,41.417,115.0,5.131,3.109,502.285,-1380.746,60.0,74.246,56.839
1049.0,1050.0,149.652,98.057,8.46,5.178,-112.907,248.565,3204.091,92.456,67.806,114.123,66.778,122.0,15.576,3.416,740.648,-1366.701,60.0,149.818,56.567
1050.0,1051.0,142.627,103.928,5.248,2.693,-186.59,174.578,3085.331,53.981,34.429,75.643,72.926,122.185,15.902,2.789,781.756,-1320.056,60.0,156.071,61.936
1051.0,1052.0,164.531,88.505,1.876,1.769,54.559,377.806,3418.96,22.39,24.529,40.275,50.444,117.556,2.191,4.561,606.027,-1402.971,60.0,25.384,41.777
1052.0,1053.0,164.898,90.182,0.433,1.18,59.357,361.335,3455.691,5.312,14.342,4.809,44.455,110.636,2.775,4.885,539.888,-1335.154,60.0,34.279,58.833
1053.0,1054.0,165.428,89.859,0.351,1.968,65.76,365.148,3454.709,4.237,23.84,1.491,42.077,113.154,8.435,4.538,511.189,-1365.004,60.0,102.367,54.547
1054.0,1055.0,164.786,91.376,1.555,0.841,57.806,344.869,3435.858,18.988,10.383,26.181,37.0,109.0,2.108,4.57,446.997,-1307.726,60.0,25.001,50.984
1055.0,1056.0,158.209,91.044,1.446,0.206,-20.655,334.486,3294.168,16.679,2.518,9.585,49.0,115.0,1.886,0.0,565.503,-1322.432,60.0,21.45,3.865
1056.0,1057.0,165.065,91.284,1.411,0.363,59.575,337.372,3350.455,16.799,3.383,14.512,43.933,113.667,3.492,1.398,517.42,-1329.552,60.0,38.468,12.535
1057.0,1058.0,167.324,93.199,0.192,1.042,87.025,318.437,3388.459,2.359,11.865,7.556,39.0,107.75,1.732,4.893,465.534,-1275.005,60.0,19.9,56.19
1058.0,1059.0,167.28,92.887,0.212,0.873,86.707,322.903,3396.265,2.554,10.561,3.657,38.267,108.333,0.964,3.91,457.821,-1284.918,60.0,11.589,46.448
1059.0,1060.0,167.784,92.903,0.446,0.8,93.146,324.248,3412.371,5.431,9.56,4.758,38.31,104.931,1.086,3.463,460.696,-1250.664,60.0,13.025,40.881
1060.0,1061.0,168.46,91.49,0.567,1.629,100.633,338.925,3391.618,7.06,16.886,34.103,42.739,111.609,3.193,8.991,510.325,-1321.239,60.0,33.941,94.397
1061.0,1062.0,162.008,94.477,4.141,4.154,22.854,279.871,3117.722,45.604,50.713,79.526,41.857,120.143,4.94,2.85,457.05,-1308.876,60.0,50.483,54.247
1062.0,1063.0,142.125,104.931,6.172,2.647,-180.919,154.837,2914.867,57.786,31.027,88.278,54.474,128.158,2.036,3.133,552.626,-1306.564,60.0,30.984,23.448
1063.0,1064.0,134.359,111.309,0.15,0.884,-240.679,81.617,2676.753,2.578,8.667,20.28,48.517,133.069,3.092,0.64,449.074,-1247.929,60.0,31.114,11.292
1064.0,1065.0,134.607,111.308,0.223,0.275,-239.08,81.842,2685.005,1.689,2.671,4.774,45.0,133.0,0.0,0.0,417.487,-1251.093,60.0,0.753,2.227
1065.0,1066.0,133.414,121.617,0.628,9.465,-240.27,-10.78,2577.571,11.62,82.689,115.686,58.111,140.407,7.819,6.436,516.12,-1268.891,60.0,47.795,50.211
1066.0,1067.0,129.215,163.906,3.378,15.406,-211.253,-285.774,1949.905,37.794,62.315,267.649,84.882,139.824,10.482,17.784,564.383,-981.186,60.0,13.776,244.412
1067.0,1068.0,159.324,215.164,6.684,9.367,-5.896,-334.301,1016.503,26.645,13.863,150.569,79.6,42.2,22.997,25.047,294.673,-182.904,60.0,121.746,118.055
1725.0,1726.0,186.337,108.235,1.644,7.888,384.838,168.34,4173.507,16.071,111.246,141.147,44.133,180.467,1.431,4.759,652.516,-2646.799,60.0,38.137,139.047
1726.0,1727.0,193.592,117.8,1.882,10.593,441.843,33.337,3757.272,12.063,140.957,118.678,41.0,157.8,0.0,8.878,547.033,-2089.477,60.0,17.063,181.492
1727.0,1728.0,194.861,155.568,2.493,11.764,399.698,-398.739,3259.405,47.031,112.623,194.214,44.448,126.517,4.724,8.249,511.647,-1462.151,60.0,26.736,178.196
1728.0,1729.0,182.578,180.346,4.197,4.877,195.834,-525.987,2498.477,28.77,37.372,236.833,67.258,109.581,9.253,4.492,589.154,-976.193,60.0,45.606,128.288
1729.0,1730.0,213.427,203.74,14.635,13.469,358.544,-564.095,1934.336,86.498,69.633,91.396,87.516,105.452,12.085,15.398,611.224,-728.845,60.0,94.366,109.732
1730.0,1731.0,278.178,182.261,11.545,11.204,813.181,-429.457,1959.859,96.893,89.148,103.081,34.68,74.36,14.704,25.271,256.199,-517.763,60.0,90.798,155.193
1772.0,1773.0,164.957,185.367,2.573,5.963,38.528,-503.56,2202.933,19.681,30.97,70.786,78.6,108.4,0.8,2.835,610.393,-850.855,60.0,18.273,47.987
1773.0,1774.0,163.634,171.667,7.517,4.522,35.342,-457.984,2539.262,71.173,23.439,150.402,56.667,115.4,8.084,1.818,503.407,-1040.466,60.0,42.944,75.367
1774.0,1775.0,197.959,167.409,8.461,15.382,390.715,-489.502,2917.123,97.173,181.901,97.163,24.714,111.19,12.115,21.327,257.132,-1144.055,60.0,115.209,203.992
