start,end,x_mean,y_mean,z_mean,label
10.0,11.0,0.944,-0.286,0.084,p_stand
11.0,12.0,0.936,-0.303,0.098,p_stand
12.0,13.0,0.934,-0.316,0.11,p_stand
13.0,14.0,0.928,-0.332,0.11,p_stand
14.0,15.0,0.93,-0.331,0.11,p_stand
15.0,16.0,0.924,-0.341,0.09,p_stand
16.0,17.0,0.904,-0.357,-0.046,p_stand
17.0,18.0,0.928,-0.387,0.06,p_stand
18.0,19.0,0.904,-0.4,0.208,p_stand
19.0,20.0,0.883,-0.414,0.192,p_stand
20.0,21.0,0.947,-0.369,0.05,p_stand
21.0,22.0,0.932,-0.379,0.085,p_stand
22.0,23.0,0.876,-0.435,0.12,p_stand
23.0,24.0,0.92,-0.476,0.056,p_stand
24.0,25.0,0.828,-0.536,0.172,p_stand
25.0,26.0,0.834,-0.54,0.026,p_stand
26.0,27.0,0.736,-0.616,-0.044,p_stand
27.0,28.0,0.916,-0.313,-0.001,p_stand
28.0,29.0,0.955,-0.247,0.023,p_stand
29.0,30.0,0.996,-0.31,-0.054,p_stand
30.0,31.0,0.963,-0.337,0.147,p_stand
31.0,32.0,0.887,-0.398,0.211,p_stand
32.0,33.0,0.909,-0.473,0.172,p_stand
33.0,34.0,0.389,-0.658,0.664,p_stand
34.0,35.0,0.336,-0.165,0.927,p_stand
35.0,36.0,0.28,-0.394,0.943,p_stand
36.0,37.0,0.596,-0.402,0.714,p_stand
37.0,38.0,0.851,-0.53,0.168,p_stand
38.0,39.0,0.88,-0.378,0.27,p_stand
39.0,40.0,0.858,-0.476,0.254,p_stand
40.0,41.0,0.886,-0.431,0.057,p_stand
41.0,42.0,0.902,-0.286,0.182,p_stand
42.0,43.0,0.883,-0.382,0.19,p_stand
43.0,44.0,0.966,-0.298,0.112,p_stand
44.0,45.0,0.975,-0.288,0.116,p_stand
45.0,46.0,0.93,-0.3,-0.03,p_stand
46.0,47.0,0.975,-0.374,0.027,p_stand
47.0,48.0,0.911,-0.379,-0.03,p_stand
48.0,49.0,0.935,-0.275,-0.034,p_stand
49.0,50.0,0.919,-0.299,-0.068,p_stand
50.0,51.0,0.887,-0.447,-0.094,p_stand
51.0,52.0,0.638,-0.772,0.231,p_stand
52.0,53.0,0.359,-0.128,0.851,p_stand
53.0,54.0,0.304,0.015,0.728,p_stand
54.0,55.0,0.986,-0.385,-0.079,p_stand
55.0,56.0,0.954,-0.277,0.061,p_stand
56.0,57.0,0.892,-0.277,0.108,p_stand
57.0,58.0,0.733,-0.696,0.299,p_stand
58.0,59.0,-0.057,-0.295,0.815,p_stand
59.0,60.0,-0.367,0.065,0.936,p_stand
60.0,61.0,-0.149,-0.563,0.849,p_stand
61.0,62.0,-0.268,-0.179,0.892,p_stand
62.0,63.0,0.545,-0.676,0.381,p_stand
63.0,64.0,0.9,-0.405,0.096,p_stand
64.0,65.0,0.897,-0.41,0.103,p_stand
65.0,66.0,0.905,-0.398,0.093,p_stand
66.0,67.0,0.903,-0.395,0.096,p_stand
67.0,68.0,0.909,-0.398,0.094,p_stand
68.0,69.0,0.92,-0.347,0.135,p_stand
69.0,70.0,0.943,-0.287,0.074,p_stand
70.0,71.0,0.834,-0.442,0.255,p_stand
71.0,72.0,0.829,-0.511,0.028,p_stand
72.0,73.0,0.886,-0.459,-0.056,p_stand
73.0,74.0,0.836,-0.356,0.197,p_stand
74.0,75.0,0.933,-0.328,0.022,p_stand
75.0,76.0,0.927,-0.326,0.022,p_stand
76.0,77.0,0.928,-0.328,0.019,p_stand
77.0,78.0,0.93,-0.332,0.043,p_stand
78.0,79.0,0.935,-0.328,0.086,p_stand
79.0,80.0,0.939,-0.307,0.097,p_stand
80.0,81.0,0.938,-0.294,0.104,p_stand
81.0,82.0,0.939,-0.293,0.116,p_stand
82.0,83.0,0.937,-0.296,0.122,p_stand
83.0,84.0,0.936,-0.298,0.094,p_stand
84.0,85.0,0.94,-0.289,0.082,p_stand
85.0,86.0,0.946,-0.292,0.096,p_stand
86.0,87.0,0.945,-0.285,0.096,p_stand
87.0,88.0,0.946,-0.285,0.096,p_stand
88.0,89.0,0.945,-0.282,0.099,p_stand
89.0,90.0,0.946,-0.293,0.1,p_stand
90.0,91.0,0.949,-0.267,0.118,p_stand
91.0,92.0,0.938,-0.231,0.155,p_stand
92.0,93.0,0.824,-0.168,-0.024,p_stand
93.0,94.0,0.991,-0.076,-0.072,p_stand
94.0,95.0,0.964,-0.111,-0.085,p_stand
95.0,96.0,0.968,-0.12,-0.073,p_stand
96.0,97.0,1.061,-0.133,-0.066,p_stand
97.0,98.0,0.84,-0.286,-0.058,p_stand
98.0,99.0,0.94,-0.28,-0.023,p_stand
99.0,100.0,0.924,-0.279,0.063,p_stand
100.0,101.0,,,,p_stand
101.0,102.0,0.967,-0.177,0.064,p_stand
102.0,103.0,0.964,-0.152,0.0,p_stand
103.0,104.0,0.983,-0.118,0.011,p_stand
104.0,105.0,0.991,-0.307,0.07,p_stand
105.0,106.0,,,,p_stand
106.0,107.0,,,,p_stand
107.0,108.0,,,,p_stand
108.0,109.0,0.987,-0.363,0.076,p_stand
109.0,110.0,0.832,-0.332,-0.043,p_stand
110.0,111.0,0.925,-0.335,0.035,p_stand
111.0,112.0,0.948,-0.266,0.066,p_stand
112.0,113.0,0.955,-0.231,0.051,p_stand
113.0,114.0,0.95,-0.264,0.048,p_stand
114.0,115.0,0.952,-0.256,0.052,p_stand
115.0,116.0,0.955,-0.248,0.058,p_stand
116.0,117.0,0.952,-0.252,0.06,p_stand
117.0,118.0,0.941,-0.269,0.069,p_stand
118.0,119.0,1.009,-0.133,0.043,p_stand
119.0,120.0,0.948,-0.204,0.208,p_stand
120.0,121.0,0.52,-0.565,0.707,p_stand
121.0,122.0,0.516,-0.571,0.713,p_stand
122.0,123.0,0.714,-0.434,0.308,p_stand
123.0,124.0,,,,p_stand
124.0,125.0,0.849,-0.225,-0.038,p_stand
125.0,126.0,0.438,-0.799,0.253,p_stand
126.0,127.0,0.154,-0.888,-0.245,p_stand
127.0,128.0,-0.007,-0.96,0.266,p_stand
128.0,129.0,0.038,-0.948,0.114,p_stand
129.0,130.0,0.291,-0.956,0.213,p_stand
130.0,131.0,-0.0,-0.964,0.257,p_stand
131.0,132.0,0.005,-0.961,0.233,p_stand
132.0,133.0,0.016,-0.975,0.21,p_stand
133.0,134.0,-0.086,-0.871,0.26,p_stand
134.0,135.0,-0.259,-0.927,0.111,p_stand
135.0,136.0,,,,p_stand
136.0,137.0,,,,p_stand
137.0,138.0,,,,p_stand
138.0,139.0,,,,p_stand
139.0,140.0,,,,p_stand
140.0,141.0,,,,p_stand
141.0,142.0,0.002,-0.925,0.236,p_stand
142.0,143.0,-0.007,-0.944,0.329,p_stand
143.0,144.0,0.01,-0.935,0.357,p_stand
144.0,145.0,0.015,-0.935,0.362,p_stand
145.0,146.0,0.015,-0.936,0.365,p_stand
146.0,147.0,0.009,-0.936,0.35,p_stand
147.0,148.0,,,,p_stand
148.0,149.0,0.095,-0.946,0.217,p_stand
149.0,150.0,0.207,-0.939,-0.182,p_stand
150.0,151.0,0.154,-0.862,-0.366,p_stand
151.0,152.0,0.18,-0.797,-0.445,p_stand
152.0,153.0,0.182,-0.802,-0.445,p_stand
153.0,154.0,0.168,-0.802,-0.453,p_stand
154.0,155.0,0.163,-0.797,-0.458,p_stand
155.0,156.0,0.279,-0.817,-0.409,p_stand
156.0,157.0,0.589,-0.419,-0.379,p_stand
157.0,158.0,0.882,-0.282,-0.232,p_stand
158.0,159.0,0.899,-0.312,-0.147,p_stand
159.0,160.0,0.922,-0.309,-0.085,p_stand
160.0,161.0,0.919,-0.333,-0.033,p_stand
161.0,162.0,0.917,-0.35,-0.023,p_stand
162.0,163.0,0.914,-0.364,0.016,p_stand
163.0,164.0,0.862,-0.355,0.076,p_stand
164.0,165.0,0.967,0.048,-0.09,p_stand
165.0,166.0,0.938,0.084,-0.214,p_stand
166.0,167.0,0.946,0.045,-0.183,p_stand
167.0,168.0,1.054,0.064,-0.161,p_stand
168.0,169.0,0.789,-0.327,-0.198,p_stand
169.0,170.0,0.884,-0.356,-0.158,p_stand
170.0,171.0,0.914,-0.308,-0.116,p_stand
171.0,172.0,0.918,-0.305,-0.107,p_stand
172.0,173.0,0.919,-0.304,-0.104,p_stand
173.0,174.0,0.924,-0.297,-0.078,p_stand
174.0,175.0,,,,p_stand
175.0,176.0,,,,p_stand
176.0,177.0,,,,p_stand
177.0,178.0,,,,p_stand
178.0,179.0,,,,p_stand
179.0,180.0,,,,p_stand
180.0,181.0,0.129,-0.52,0.025,p_stand
181.0,182.0,0.445,-0.782,0.408,p_stand
182.0,183.0,0.124,-0.686,0.619,p_stand
183.0,184.0,0.878,-0.537,-0.185,p_stand
184.0,185.0,0.928,-0.273,-0.121,p_stand
185.0,186.0,0.928,-0.262,-0.127,p_stand
186.0,187.0,0.937,-0.242,-0.115,p_stand
187.0,188.0,0.926,-0.213,-0.066,p_stand
188.0,189.0,0.879,-0.155,-0.189,p_stand
189.0,190.0,0.565,-0.693,0.39,p_stand
190.0,191.0,0.46,-0.689,0.555,p_stand
191.0,192.0,0.53,-0.796,0.364,p_stand
192.0,193.0,0.508,-0.799,0.37,p_stand
193.0,194.0,0.48,-0.812,0.37,p_stand
194.0,195.0,0.342,-0.819,0.289,p_stand
195.0,196.0,-0.011,-0.98,-0.018,p_stand
196.0,197.0,-0.02,-0.972,0.022,p_stand
197.0,198.0,-0.034,-0.971,0.027,p_stand
198.0,199.0,-0.03,-0.97,0.01,p_stand
199.0,200.0,-0.026,-0.971,0.009,p_stand
200.0,201.0,-0.005,-0.947,-0.058,p_stand
201.0,202.0,-0.015,-0.82,-0.471,p_stand
202.0,203.0,,,,p_stand
203.0,204.0,-0.023,-0.619,-0.644,p_stand
204.0,205.0,-0.017,-0.637,-0.648,p_stand
205.0,206.0,-0.017,-0.642,-0.64,p_stand
206.0,207.0,-0.017,-0.641,-0.644,p_stand
207.0,208.0,,,,p_stand
208.0,209.0,-0.034,-0.686,-0.535,p_stand
209.0,210.0,0.142,-0.931,0.242,p_stand
210.0,211.0,0.031,-0.971,-0.018,p_stand
211.0,212.0,0.045,-0.973,-0.013,p_stand
212.0,213.0,0.047,-0.972,0.008,p_stand
213.0,214.0,0.064,-0.971,-0.007,p_stand
214.0,215.0,,,,p_stand
215.0,216.0,0.051,-0.977,0.02,p_stand
216.0,217.0,0.272,-0.904,-0.081,p_stand
217.0,218.0,0.256,-0.736,-0.484,p_stand
218.0,219.0,0.245,-0.738,-0.507,p_stand
219.0,220.0,0.251,-0.746,-0.497,p_stand
220.0,221.0,0.248,-0.746,-0.497,p_stand
221.0,222.0,0.249,-0.746,-0.498,p_stand
222.0,223.0,0.497,-0.717,-0.709,p_stand
223.0,224.0,0.779,-0.351,-0.072,p_stand
224.0,225.0,0.948,-0.237,-0.006,p_stand
225.0,226.0,0.952,-0.171,-0.095,p_stand
226.0,227.0,0.961,-0.154,-0.055,p_stand
227.0,228.0,0.96,-0.161,-0.022,p_stand
228.0,229.0,0.986,-0.161,-0.043,p_stand
229.0,230.0,0.818,-0.254,0.031,p_stand
230.0,231.0,1.004,0.218,-0.142,p_stand
231.0,232.0,0.916,0.171,-0.186,p_stand
232.0,233.0,0.933,0.158,-0.181,p_stand
233.0,234.0,0.99,-0.129,-0.226,p_stand
234.0,235.0,0.102,-0.7,0.442,p_stand
235.0,236.0,0.574,-0.631,0.188,p_stand
236.0,237.0,0.948,-0.214,-0.136,p_stand
237.0,238.0,0.953,-0.158,-0.123,p_stand
238.0,239.0,0.957,-0.166,-0.06,p_stand
239.0,240.0,0.97,-0.143,-0.034,p_stand
240.0,241.0,0.889,-0.144,-0.08,p_stand
241.0,242.0,0.814,-0.58,-0.148,p_stand
242.0,243.0,0.491,-0.849,-0.04,p_stand
243.0,244.0,0.636,-0.759,0.131,p_stand
244.0,245.0,0.812,-0.561,0.097,p_stand
245.0,246.0,0.879,-0.444,0.11,p_stand
246.0,247.0,0.986,-0.356,0.182,p_stand
247.0,248.0,0.806,-0.467,-0.032,p_stand
248.0,249.0,0.957,-0.207,0.0,p_stand
249.0,250.0,0.957,-0.258,0.072,p_stand
250.0,251.0,0.92,-0.325,-0.096,p_stand
251.0,252.0,0.932,-0.314,0.033,p_stand
252.0,253.0,0.936,-0.318,0.066,p_stand
253.0,254.0,0.919,-0.24,0.097,p_stand
254.0,255.0,0.948,-0.205,-0.067,p_stand
255.0,256.0,0.753,-0.739,0.442,p_stand
256.0,257.0,0.472,-0.858,0.28,p_stand
257.0,258.0,0.441,-0.846,0.344,p_stand
258.0,259.0,0.423,-0.852,0.334,p_stand
259.0,260.0,0.425,-0.848,0.35,p_stand
260.0,261.0,0.435,-0.884,0.367,p_stand
261.0,262.0,-0.171,-0.756,0.45,p_stand
262.0,263.0,-0.093,-0.935,0.365,p_stand
263.0,264.0,,,,p_stand
264.0,265.0,,,,p_stand
265.0,266.0,,,,p_stand
266.0,267.0,,,,p_stand
267.0,268.0,,,,p_stand
268.0,269.0,-0.253,-0.791,0.342,p_stand
269.0,270.0,-0.352,-0.839,0.444,p_stand
270.0,271.0,,,,p_stand
271.0,272.0,,,,p_stand
272.0,273.0,0.353,-0.814,0.506,p_stand
273.0,274.0,0.198,-0.82,0.378,p_stand
274.0,275.0,0.42,-0.876,0.236,p_stand
275.0,276.0,-0.287,-0.682,0.459,p_stand
276.0,277.0,-0.188,-0.882,0.37,p_stand
277.0,278.0,-0.293,-0.905,0.284,p_stand
278.0,279.0,-0.281,-0.909,0.268,p_stand
279.0,280.0,-0.283,-0.899,0.308,p_stand
280.0,281.0,-0.276,-0.901,0.306,p_stand
281.0,282.0,-0.306,-0.899,0.285,p_stand
282.0,283.0,-0.392,-0.955,0.336,p_stand
283.0,284.0,-0.106,-0.836,0.215,p_stand
284.0,285.0,-0.001,-0.913,-0.272,p_stand
285.0,286.0,-0.026,-0.855,-0.384,p_stand
286.0,287.0,-0.014,-0.89,-0.315,p_stand
287.0,288.0,-0.001,-0.938,-0.16,p_stand
288.0,289.0,0.003,-0.95,-0.144,p_stand
289.0,290.0,0.544,-0.829,-0.27,p_stand
290.0,291.0,0.861,-0.23,-0.085,p_stand
291.0,292.0,0.968,-0.189,-0.028,p_stand
292.0,293.0,0.945,-0.244,-0.051,p_stand
293.0,294.0,0.942,-0.259,-0.039,p_stand
294.0,295.0,0.954,-0.196,-0.066,p_stand
295.0,296.0,0.958,-0.165,-0.088,p_stand
296.0,297.0,0.94,-0.201,-0.057,p_stand
297.0,298.0,0.89,-0.026,-0.042,p_stand
298.0,299.0,0.96,0.2,-0.129,p_stand
299.0,300.0,0.951,0.153,-0.17,p_stand
300.0,301.0,0.945,0.107,-0.147,p_stand
301.0,302.0,0.95,0.104,-0.151,p_stand
302.0,303.0,0.735,-0.503,-0.019,p_stand
303.0,304.0,0.066,-0.824,0.474,p_stand
304.0,305.0,0.832,-0.416,-0.262,p_stand
305.0,306.0,0.959,-0.166,-0.08,p_stand
306.0,307.0,0.964,-0.143,-0.038,p_stand
307.0,308.0,0.969,-0.118,-0.029,p_stand
308.0,309.0,0.975,-0.096,-0.027,p_stand
309.0,310.0,0.802,-0.485,-0.395,p_stand
310.0,311.0,0.045,-0.904,-0.268,p_stand
311.0,312.0,-0.104,-0.899,-0.264,p_stand
312.0,313.0,-0.116,-0.903,-0.255,p_stand
313.0,314.0,0.041,-0.874,-0.283,p_stand
314.0,315.0,0.75,-0.581,-0.058,p_stand
315.0,316.0,0.946,-0.219,-0.09,p_stand
316.0,317.0,0.951,-0.216,-0.065,p_stand
317.0,318.0,0.954,-0.208,-0.047,p_stand
318.0,319.0,0.959,-0.175,-0.054,p_stand
319.0,320.0,0.959,-0.165,-0.066,p_stand
320.0,321.0,0.945,-0.195,-0.07,p_stand
321.0,322.0,0.946,-0.307,0.051,p_stand
322.0,323.0,0.868,-0.336,0.162,p_stand
323.0,324.0,0.433,-0.708,0.519,p_stand
324.0,325.0,,,,p_stand
325.0,326.0,,,,p_stand
326.0,327.0,,,,p_stand
327.0,328.0,0.598,-0.163,0.925,p_stand
328.0,329.0,0.131,-0.369,0.808,p_stand
329.0,330.0,0.305,-0.58,0.814,p_stand
330.0,331.0,0.4,-0.515,0.823,p_stand
331.0,332.0,0.406,-0.568,0.783,p_stand
332.0,333.0,0.395,-0.582,0.78,p_stand
333.0,334.0,0.364,-0.599,0.779,p_stand
334.0,335.0,0.332,-0.612,0.76,p_stand
335.0,336.0,0.11,-0.902,0.422,p_stand
336.0,337.0,0.048,-0.972,0.202,p_stand
337.0,338.0,0.051,-0.969,0.209,p_stand
338.0,339.0,0.053,-0.968,0.19,p_stand
339.0,340.0,0.059,-0.974,0.174,p_stand
340.0,341.0,0.008,-0.945,0.283,p_stand
341.0,342.0,0.197,-0.656,0.688,p_stand
342.0,343.0,0.089,-0.693,0.752,p_stand
343.0,344.0,0.199,-0.863,0.515,p_stand
344.0,345.0,0.18,-0.858,0.52,p_stand
345.0,346.0,,,,p_stand
346.0,347.0,,,,p_stand
347.0,348.0,,,,p_stand
348.0,349.0,0.277,-0.898,0.085,p_stand
349.0,350.0,0.586,-0.815,-0.056,p_stand
350.0,351.0,0.624,-0.759,0.155,p_stand
351.0,352.0,0.618,-0.753,0.169,p_stand
352.0,353.0,,,,p_stand
353.0,354.0,,,,p_stand
354.0,355.0,0.661,-0.783,0.046,p_stand
355.0,356.0,0.65,-0.538,-0.193,p_stand
356.0,357.0,0.87,-0.351,-0.287,p_stand
357.0,358.0,0.821,-0.318,0.276,p_stand
358.0,359.0,0.877,-0.411,0.076,p_stand
359.0,360.0,0.935,-0.316,0.058,p_stand
360.0,361.0,,,,p_stand
361.0,362.0,0.912,-0.308,0.102,p_stand
362.0,363.0,0.887,-0.2,-0.031,p_stand
363.0,364.0,0.999,-0.134,-0.207,p_stand
364.0,365.0,0.943,-0.183,-0.163,p_stand
365.0,366.0,0.925,-0.194,-0.189,p_stand
366.0,367.0,0.941,-0.191,-0.19,p_stand
367.0,368.0,0.926,-0.23,-0.064,p_stand
368.0,369.0,0.896,-0.411,0.098,p_stand
369.0,370.0,0.922,-0.346,0.026,p_stand
370.0,371.0,0.936,-0.297,0.029,p_stand
371.0,372.0,0.943,-0.28,0.021,p_stand
372.0,373.0,0.857,-0.276,-0.004,p_stand
373.0,374.0,0.518,-0.932,0.023,p_stand
374.0,375.0,0.163,-0.901,0.371,p_stand
375.0,376.0,0.139,-0.881,0.495,p_stand
376.0,377.0,0.077,-0.88,0.515,p_stand
377.0,378.0,0.065,-0.853,0.556,p_stand
378.0,379.0,0.294,-0.857,0.492,p_stand
379.0,380.0,0.749,-0.496,0.049,p_stand
380.0,381.0,0.898,-0.395,0.005,p_stand
381.0,382.0,0.921,-0.344,0.036,p_stand
382.0,383.0,0.921,-0.347,0.045,p_stand
383.0,384.0,0.916,-0.358,0.057,p_stand
384.0,385.0,0.928,-0.361,0.046,p_stand
385.0,386.0,0.88,-0.368,0.099,p_stand
386.0,387.0,0.915,-0.378,-0.132,p_stand
387.0,388.0,0.664,-0.515,-0.225,p_stand
388.0,389.0,0.268,-0.874,-0.147,p_stand
389.0,390.0,0.338,-0.739,-0.48,p_stand
390.0,391.0,0.363,-0.647,-0.557,p_stand
391.0,392.0,0.359,-0.646,-0.557,p_stand
392.0,393.0,-0.035,-0.938,-0.09,p_stand
393.0,394.0,-0.013,-0.83,0.59,p_stand
394.0,395.0,-0.004,-0.805,0.645,p_stand
395.0,396.0,-0.027,-0.78,0.677,p_stand
396.0,397.0,-0.027,-0.788,0.666,p_stand
397.0,398.0,-0.036,-0.806,0.645,p_stand
398.0,399.0,-0.04,-0.899,0.304,p_stand
399.0,400.0,-0.154,-0.897,0.345,p_stand
400.0,401.0,-0.126,-0.869,0.513,p_stand
401.0,402.0,-0.141,-0.87,0.502,p_stand
402.0,403.0,-0.145,-0.87,0.503,p_stand
403.0,404.0,-0.121,-0.88,0.483,p_stand
404.0,405.0,-0.107,-0.869,0.516,p_stand
405.0,406.0,-0.108,-0.869,-0.058,p_stand
406.0,407.0,0.094,-0.951,0.207,p_stand
407.0,408.0,-0.012,-0.971,0.161,p_stand
408.0,409.0,0.006,-0.965,0.218,p_stand
409.0,410.0,0.001,-0.962,0.214,p_stand
410.0,411.0,,,,p_stand
411.0,412.0,,,,p_stand
412.0,413.0,0.071,-0.91,-0.099,p_stand
413.0,414.0,0.397,-0.664,-0.587,p_stand
414.0,415.0,0.343,-0.439,-0.719,p_stand
415.0,416.0,0.356,-0.442,-0.707,p_stand
416.0,417.0,0.364,-0.436,-0.713,p_stand
417.0,418.0,0.482,-0.6,-0.599,p_stand
418.0,419.0,0.596,-0.813,-0.343,p_stand
419.0,420.0,0.493,-0.692,-0.034,p_stand
420.0,421.0,0.29,-0.692,0.683,p_stand
421.0,422.0,0.762,-0.548,-0.153,p_stand
422.0,423.0,0.939,-0.211,-0.125,p_stand
423.0,424.0,0.945,-0.21,-0.106,p_stand
424.0,425.0,0.948,-0.248,-0.004,p_stand
425.0,426.0,0.932,-0.309,0.131,p_stand
426.0,427.0,0.955,-0.292,0.005,p_stand
427.0,428.0,0.975,-0.186,-0.022,p_stand
428.0,429.0,0.938,-0.196,0.266,p_stand
429.0,430.0,0.96,-0.18,0.195,p_stand
430.0,431.0,0.978,-0.134,0.163,p_stand
431.0,432.0,0.95,-0.229,0.093,p_stand
432.0,433.0,0.953,-0.264,0.063,p_stand
433.0,434.0,0.949,-0.249,0.107,p_stand
434.0,435.0,0.952,-0.258,0.101,p_stand
435.0,436.0,0.944,-0.254,0.064,p_stand
436.0,437.0,0.951,-0.254,0.087,p_stand
437.0,438.0,0.952,-0.239,0.103,p_stand
438.0,439.0,0.956,-0.228,0.117,p_stand
439.0,440.0,0.962,-0.225,0.133,p_stand
440.0,441.0,0.942,-0.243,0.184,p_stand
441.0,442.0,0.939,-0.205,0.056,p_stand
442.0,443.0,0.967,-0.086,-0.168,p_stand
443.0,444.0,0.987,-0.154,-0.039,p_stand
444.0,445.0,0.983,-0.306,0.04,p_stand
445.0,446.0,0.665,-0.602,-0.036,p_stand
446.0,447.0,-0.249,-0.502,-0.478,p_stand
447.0,448.0,0.85,-0.633,-0.002,p_stand
448.0,449.0,0.732,-0.524,-0.187,p_stand
449.0,450.0,0.449,-0.699,-0.374,p_stand
450.0,451.0,0.914,-0.193,-0.272,p_stand
451.0,452.0,0.971,-0.112,-0.117,p_stand
452.0,453.0,0.94,-0.208,-0.127,p_stand
453.0,454.0,0.942,-0.167,-0.089,p_stand
454.0,455.0,0.949,-0.266,-0.18,p_stand
455.0,456.0,0.94,-0.178,-0.047,p_stand
456.0,457.0,0.956,-0.197,0.037,p_stand
457.0,458.0,0.946,-0.259,-0.048,p_stand
458.0,459.0,0.885,-0.245,-0.032,p_stand
459.0,460.0,1.052,-0.186,-0.101,p_stand
460.0,461.0,0.462,-0.818,-0.112,p_stand
461.0,462.0,-0.293,-0.614,0.378,p_stand
462.0,463.0,0.936,-0.694,-0.113,p_stand
463.0,464.0,0.964,-0.232,-0.065,p_stand
464.0,465.0,0.946,-0.169,-0.119,p_stand
465.0,466.0,0.963,-0.207,-0.013,p_stand
466.0,467.0,0.99,-0.155,-0.001,p_stand
467.0,468.0,0.939,-0.208,0.033,p_stand
468.0,469.0,0.764,-0.602,0.298,p_stand
469.0,470.0,0.449,-0.816,-0.003,p_stand
470.0,471.0,0.76,-0.594,0.321,p_stand
471.0,472.0,0.745,-0.623,0.164,p_stand
472.0,473.0,0.579,-0.792,0.205,p_stand
473.0,474.0,0.656,-0.74,0.13,p_stand
474.0,475.0,0.479,-0.797,0.347,p_stand
475.0,476.0,0.582,-0.657,0.436,p_stand
476.0,477.0,0.68,-0.025,0.812,p_stand
477.0,478.0,0.687,0.138,0.786,p_stand
478.0,479.0,0.684,-0.299,0.683,p_stand
479.0,480.0,0.447,-0.893,0.138,p_stand
480.0,481.0,0.605,-0.764,0.301,p_stand
481.0,482.0,0.598,-0.815,0.088,p_stand
482.0,483.0,0.51,-0.838,0.057,p_stand
483.0,484.0,0.32,-0.908,0.2,p_stand
484.0,485.0,0.622,-0.633,0.433,p_stand
485.0,486.0,0.593,-0.342,0.796,p_stand
486.0,487.0,0.585,-0.19,0.847,p_stand
487.0,488.0,0.643,-0.482,0.721,p_stand
488.0,489.0,0.6,-0.561,0.613,p_stand
489.0,490.0,0.74,-0.618,0.324,p_stand
490.0,491.0,0.805,-0.382,-0.457,p_stand
491.0,492.0,0.8,-0.513,0.161,p_stand
492.0,493.0,0.654,-0.099,0.834,p_stand
493.0,494.0,0.566,-0.26,0.862,p_stand
494.0,495.0,0.616,-0.531,0.535,p_stand
495.0,496.0,0.835,-0.555,-0.055,p_stand
496.0,497.0,0.766,-0.605,0.051,p_stand
497.0,498.0,0.816,-0.492,-0.235,p_stand
498.0,499.0,0.479,-0.518,-0.545,p_stand
499.0,500.0,0.071,-0.886,-0.27,p_stand
500.0,501.0,-0.11,-0.786,-0.46,p_stand
501.0,502.0,-0.177,-0.541,-0.673,p_stand
502.0,503.0,-0.106,-0.766,-0.424,p_stand
503.0,504.0,-0.156,-0.877,-0.299,p_stand
504.0,505.0,-0.183,-0.914,-0.05,p_stand
505.0,506.0,-0.207,-0.857,-0.115,p_stand
506.0,507.0,0.15,-0.934,-0.104,p_stand
507.0,508.0,0.03,-0.935,-0.08,p_stand
508.0,509.0,-0.29,-0.488,-0.645,p_stand
509.0,510.0,-0.032,0.047,-0.873,p_stand
510.0,511.0,0.008,-0.318,-0.805,p_stand
511.0,512.0,0.26,-0.719,-0.418,p_stand
512.0,513.0,0.371,0.032,-0.778,p_stand
513.0,514.0,0.75,-0.067,-0.592,p_stand
514.0,515.0,0.684,-0.51,-0.438,p_stand
515.0,516.0,0.826,-0.333,-0.342,p_stand
516.0,517.0,0.843,-0.38,0.323,p_stand
517.0,518.0,0.941,0.146,-0.03,p_stand
518.0,519.0,0.9,-0.175,-0.299,p_stand
519.0,520.0,0.074,-0.7,-0.307,p_stand
520.0,521.0,0.316,-0.634,0.768,p_stand
521.0,522.0,0.41,-0.533,0.822,p_stand
522.0,523.0,0.266,-0.621,0.765,p_stand
523.0,524.0,0.044,-0.793,0.668,p_stand
524.0,525.0,0.218,-0.765,-0.12,p_stand
525.0,526.0,0.36,-0.706,-0.525,p_stand
526.0,527.0,0.57,-0.521,-0.523,p_stand
527.0,528.0,0.425,-0.523,-0.612,p_stand
528.0,529.0,0.31,-0.804,-0.302,p_stand
529.0,530.0,0.375,-0.869,-0.121,p_stand
530.0,531.0,0.276,-0.888,-0.227,p_stand
531.0,532.0,0.251,-0.896,-0.212,p_stand
532.0,533.0,0.579,-0.676,-0.195,p_stand
533.0,534.0,0.956,-0.348,-0.042,p_stand
534.0,535.0,0.893,-0.278,-0.232,p_stand
535.0,536.0,0.996,-0.116,-0.007,p_stand
536.0,537.0,0.964,-0.123,0.033,p_stand
537.0,538.0,0.966,-0.148,-0.052,p_stand
538.0,539.0,0.947,-0.246,0.045,p_stand
539.0,540.0,0.98,-0.119,0.074,p_stand
540.0,541.0,0.981,-0.019,0.081,p_stand
541.0,542.0,0.977,0.022,0.109,p_stand
542.0,543.0,0.984,-0.014,0.133,p_stand
543.0,544.0,0.968,-0.142,0.155,p_stand
544.0,545.0,0.936,-0.386,0.051,p_stand
545.0,546.0,0.244,-0.888,0.166,p_stand
546.0,547.0,0.038,-0.947,0.324,p_stand
547.0,548.0,0.068,-0.949,0.291,p_stand
548.0,549.0,0.03,-0.957,0.263,p_stand
549.0,550.0,-0.09,-0.94,-0.047,p_stand
550.0,551.0,-0.174,-0.52,-0.679,p_stand
551.0,552.0,-0.017,-0.262,-0.842,p_stand
552.0,553.0,-0.125,-0.097,-0.856,p_stand
553.0,554.0,0.065,-0.369,-0.747,p_stand
554.0,555.0,0.365,-0.751,-0.213,p_stand
555.0,556.0,0.283,-0.916,0.025,p_stand
556.0,557.0,0.328,-0.864,-0.252,p_stand
557.0,558.0,0.418,-0.849,-0.185,p_stand
558.0,559.0,0.296,-0.92,-0.13,p_stand
559.0,560.0,0.08,-0.94,-0.162,p_stand
560.0,561.0,0.229,-0.945,-0.053,p_stand
561.0,562.0,0.346,-0.911,0.043,p_stand
562.0,563.0,0.403,-0.886,0.136,p_stand
563.0,564.0,0.42,-0.886,0.001,p_stand
564.0,565.0,0.406,-0.884,-0.021,p_stand
565.0,566.0,0.406,-0.895,-0.016,p_stand
566.0,567.0,0.406,-0.893,-0.017,p_stand
567.0,568.0,0.415,-0.886,-0.014,p_stand
568.0,569.0,0.424,-0.886,0.002,p_stand
569.0,570.0,0.422,-0.887,0.015,p_stand
570.0,571.0,0.425,-0.889,0.017,p_stand
571.0,572.0,0.418,-0.889,0.025,p_stand
572.0,573.0,0.412,-0.883,0.022,p_stand
573.0,574.0,0.205,-0.904,-0.174,p_stand
574.0,575.0,0.001,-0.812,-0.449,p_stand
575.0,576.0,0.031,-0.817,-0.427,p_stand
576.0,577.0,0.125,-0.921,-0.133,p_stand
577.0,578.0,-0.036,-0.978,0.078,p_stand
578.0,579.0,-0.058,-0.96,-0.057,p_stand
579.0,580.0,0.096,-0.849,-0.334,p_stand
580.0,581.0,0.135,-0.704,-0.545,p_stand
581.0,582.0,0.522,-0.508,0.675,p_stand
582.0,583.0,0.587,-0.205,0.868,p_stand
583.0,584.0,0.323,-0.422,0.879,p_stand
584.0,585.0,0.251,-0.487,0.924,p_stand
585.0,586.0,0.531,-0.546,-0.444,p_stand
586.0,587.0,0.572,-0.334,-0.627,p_stand
587.0,588.0,0.259,-0.814,-0.039,p_stand
588.0,589.0,0.27,-0.733,0.681,p_stand
589.0,590.0,0.296,-0.61,0.397,p_stand
590.0,591.0,0.507,-0.472,-0.635,p_stand
591.0,592.0,0.38,-0.363,-0.742,p_stand
592.0,593.0,0.403,-0.401,-0.704,p_stand
593.0,594.0,0.448,-0.381,-0.685,p_stand
594.0,595.0,0.378,-0.387,-0.737,p_stand
595.0,596.0,0.331,-0.445,-0.75,p_stand
596.0,597.0,0.284,-0.617,-0.559,p_stand
597.0,598.0,0.345,-0.676,-0.537,p_stand
598.0,599.0,0.384,-0.608,-0.555,p_stand
599.0,600.0,0.505,-0.538,-0.591,p_stand
600.0,601.0,0.38,-0.57,-0.594,p_stand
601.0,602.0,0.433,-0.571,-0.595,p_stand
602.0,603.0,0.6,-0.464,-0.55,p_stand
603.0,604.0,0.509,-0.531,-0.583,p_stand
604.0,605.0,0.128,-0.718,-0.534,p_stand
605.0,606.0,0.013,-0.705,-0.606,p_stand
606.0,607.0,-0.165,-0.639,-0.646,p_stand
607.0,608.0,-0.287,-0.637,-0.569,p_stand
608.0,609.0,-0.326,-0.694,-0.471,p_stand
609.0,610.0,-0.282,-0.747,-0.399,p_stand
610.0,611.0,-0.126,-0.792,-0.544,p_stand
611.0,612.0,0.021,-0.738,-0.537,p_stand
612.0,613.0,0.002,-0.784,-0.527,p_stand
613.0,614.0,-0.024,-0.735,-0.487,p_stand
614.0,615.0,-0.031,-0.738,-0.535,p_stand
615.0,616.0,0.004,-0.728,-0.554,p_stand
616.0,617.0,-0.055,-0.746,-0.562,p_stand
617.0,618.0,-0.078,-0.759,-0.512,p_stand
618.0,619.0,-0.073,-0.849,-0.361,p_stand
619.0,620.0,-0.092,-0.79,-0.482,p_stand
620.0,621.0,-0.037,-0.73,-0.523,p_stand
621.0,622.0,0.036,-0.712,-0.57,p_stand
622.0,623.0,0.364,-0.615,-0.533,p_stand
623.0,624.0,0.547,-0.691,-0.468,p_stand
624.0,625.0,0.593,-0.579,-0.447,p_stand
625.0,626.0,0.627,-0.499,-0.477,p_stand
626.0,627.0,0.718,-0.503,-0.372,p_stand
627.0,628.0,0.81,-0.55,-0.271,p_stand
628.0,629.0,0.247,-0.759,-0.204,p_stand
629.0,630.0,0.276,-0.804,0.319,p_stand
630.0,631.0,0.243,-0.997,0.038,p_stand
631.0,632.0,0.039,-0.906,0.175,p_stand
632.0,633.0,-0.198,-0.445,0.91,p_stand
633.0,634.0,0.188,-0.835,-0.279,p_stand
634.0,635.0,0.652,-0.581,-0.218,p_stand
635.0,636.0,0.912,-0.33,-0.024,p_stand
636.0,637.0,0.895,-0.269,-0.225,p_stand
637.0,638.0,0.954,-0.144,-0.222,p_stand
638.0,639.0,0.9,-0.12,-0.164,p_stand
639.0,640.0,0.99,-0.328,-0.078,p_stand
640.0,641.0,0.933,-0.344,0.009,p_stand
641.0,642.0,0.2,-0.247,-0.753,p_stand
642.0,643.0,0.376,0.003,-0.81,p_stand
643.0,644.0,0.34,0.116,-0.823,p_stand
644.0,645.0,0.486,-0.224,-0.726,p_stand
645.0,646.0,0.531,-0.361,-0.454,p_stand
646.0,647.0,0.934,-0.328,0.089,p_stand
647.0,648.0,0.911,-0.383,-0.118,p_stand
648.0,649.0,0.758,-0.247,-0.506,p_stand
649.0,650.0,0.632,-0.211,-0.605,p_stand
650.0,651.0,0.758,-0.474,-0.549,p_stand
651.0,652.0,0.459,-0.644,-0.11,p_stand
652.0,653.0,1.037,-0.079,0.002,p_stand
653.0,654.0,0.983,-0.061,0.19,p_stand
654.0,655.0,0.885,-0.108,-0.275,p_stand
655.0,656.0,0.864,-0.05,-0.81,p_stand
656.0,657.0,0.421,-0.358,-0.699,p_stand
657.0,658.0,0.349,-0.634,-0.566,p_stand
658.0,659.0,,,,p_stand
659.0,660.0,,,,p_stand
660.0,661.0,,,,p_stand
661.0,662.0,0.338,-0.624,-0.594,p_stand
662.0,663.0,0.443,-0.626,-0.543,p_stand
663.0,664.0,0.512,-0.56,-0.546,p_stand
664.0,665.0,,,,p_stand
665.0,666.0,,,,p_stand
666.0,667.0,,,,p_stand
667.0,668.0,,,,p_stand
668.0,669.0,,,,p_stand
669.0,670.0,,,,p_stand
670.0,671.0,,,,p_stand
671.0,672.0,,,,p_stand
672.0,673.0,,,,p_stand
673.0,674.0,,,,p_stand
674.0,675.0,0.515,-0.484,-0.6,p_stand
675.0,676.0,,,,p_stand
676.0,677.0,,,,p_stand
677.0,678.0,,,,p_stand
678.0,679.0,,,,p_stand
679.0,680.0,,,,p_stand
680.0,681.0,,,,p_stand
681.0,682.0,,,,p_stand
682.0,683.0,0.466,-0.674,-0.532,p_stand
683.0,684.0,0.452,-0.693,-0.443,p_stand
684.0,685.0,0.507,-0.607,-0.492,p_stand
685.0,686.0,,,,p_stand
686.0,687.0,,,,p_stand
687.0,688.0,-0.14,-0.599,-0.658,p_stand
688.0,689.0,-0.111,-0.634,-0.636,p_stand
689.0,690.0,-0.115,-0.584,-0.679,p_stand
690.0,691.0,0.278,-0.776,-0.098,p_stand
691.0,692.0,0.484,-0.793,0.503,p_stand
692.0,693.0,0.344,-0.969,0.056,p_stand
693.0,694.0,0.135,-0.941,0.132,p_stand
694.0,695.0,0.099,-0.964,-0.015,p_stand
695.0,696.0,-0.088,-0.906,-0.266,p_stand
696.0,697.0,-0.161,-0.876,-0.297,p_stand
697.0,698.0,-0.175,-0.867,-0.315,p_stand
698.0,699.0,-0.178,-0.873,-0.309,p_stand
699.0,700.0,-0.274,-0.84,-0.29,p_stand
700.0,701.0,-0.452,-0.768,-0.256,p_stand
701.0,702.0,-0.403,-0.807,-0.25,p_stand
702.0,703.0,-0.487,-0.776,-0.192,p_stand
703.0,704.0,-0.548,-0.761,-0.094,p_stand
704.0,705.0,-0.573,-0.753,-0.057,p_stand
705.0,706.0,-0.582,-0.749,-0.029,p_stand
706.0,707.0,-0.566,-0.738,-0.042,p_stand
707.0,708.0,-0.406,-0.822,-0.208,p_stand
708.0,709.0,-0.398,-0.816,-0.231,p_stand
709.0,710.0,-0.411,-0.806,-0.247,p_stand
710.0,711.0,-0.404,-0.808,-0.238,p_stand
711.0,712.0,-0.404,-0.811,-0.228,p_stand
712.0,713.0,,,,p_stand
713.0,714.0,,,,p_stand
714.0,715.0,,,,p_stand
715.0,716.0,,,,p_stand
716.0,717.0,,,,p_stand
717.0,718.0,,,,p_stand
718.0,719.0,-0.425,-0.785,-0.284,p_stand
719.0,720.0,,,,p_stand
720.0,721.0,,,,p_stand
721.0,722.0,,,,p_stand
722.0,723.0,,,,p_stand
723.0,724.0,,,,p_stand
724.0,725.0,,,,p_stand
725.0,726.0,,,,p_stand
726.0,727.0,,,,p_stand
727.0,728.0,,,,p_stand
728.0,729.0,0.464,-0.576,-0.171,p_stand
729.0,730.0,0.525,-0.12,0.86,p_stand
730.0,731.0,-0.578,-0.742,-0.084,p_stand
731.0,732.0,0.402,-0.396,-0.727,p_stand
732.0,733.0,-0.185,-0.976,-0.26,p_stand
733.0,734.0,-0.008,-0.598,0.825,p_stand
734.0,735.0,-0.345,-0.574,0.326,p_stand
735.0,736.0,-0.299,-0.811,0.145,p_stand
736.0,737.0,-0.011,-0.776,-0.45,p_stand
737.0,738.0,0.337,-0.798,-0.446,p_stand
738.0,739.0,0.747,-0.751,-0.02,p_stand
739.0,740.0,0.359,-0.613,0.562,p_stand
740.0,741.0,0.553,-0.746,0.456,p_stand
741.0,742.0,0.516,-0.627,0.658,p_stand
742.0,743.0,0.555,-0.82,0.353,p_stand
743.0,744.0,0.591,-0.348,-0.628,p_stand
744.0,745.0,0.527,-0.144,-0.73,p_stand
745.0,746.0,0.749,-0.094,-0.433,p_stand
746.0,747.0,0.219,-0.807,-0.236,p_stand
747.0,748.0,-0.746,-0.032,0.472,p_stand
748.0,749.0,-0.804,0.072,0.586,p_stand
749.0,750.0,-0.8,0.092,0.603,p_stand
750.0,751.0,,,,p_stand
751.0,752.0,,,,p_stand
752.0,753.0,,,,p_stand
753.0,754.0,,,,p_stand
754.0,755.0,,,,p_stand
755.0,756.0,,,,p_stand
756.0,757.0,,,,p_stand
757.0,758.0,,,,p_stand
758.0,759.0,,,,p_stand
759.0,760.0,,,,p_stand
760.0,761.0,,,,p_stand
761.0,762.0,,,,p_stand
762.0,763.0,,,,p_stand
763.0,764.0,,,,p_stand
764.0,765.0,,,,p_stand
765.0,766.0,,,,p_stand
766.0,767.0,,,,p_stand
767.0,768.0,,,,p_stand
768.0,769.0,,,,p_stand
769.0,770.0,-0.145,-0.601,0.255,p_stand
770.0,771.0,0.46,-0.864,0.164,p_stand
771.0,772.0,0.319,-0.935,0.053,p_stand
772.0,773.0,0.186,-0.893,0.446,p_stand
773.0,774.0,-0.011,-0.945,0.209,p_stand
774.0,775.0,-0.122,-0.986,0.166,p_stand
775.0,776.0,-0.155,-0.951,-0.088,p_stand
776.0,777.0,-0.265,-1.157,0.097,p_stand
777.0,778.0,0.128,-0.888,0.093,p_stand
778.0,779.0,0.57,-0.564,-0.501,p_stand
779.0,780.0,0.338,-0.307,-0.78,p_stand
780.0,781.0,,,,p_stand
781.0,782.0,,,,p_stand
782.0,783.0,,,,p_stand
783.0,784.0,,,,p_stand
784.0,785.0,,,,p_stand
785.0,786.0,,,,p_stand
786.0,787.0,,,,p_stand
787.0,788.0,,,,p_stand
788.0,789.0,,,,p_stand
789.0,790.0,-0.084,-0.853,0.556,p_stand
790.0,791.0,-0.045,-0.846,0.573,p_stand
791.0,792.0,-0.039,-0.858,0.572,p_stand
792.0,793.0,0.036,-0.859,0.561,p_stand
793.0,794.0,-0.003,-0.902,0.439,p_stand
794.0,795.0,-0.028,-0.912,0.447,p_stand
795.0,796.0,,,,p_stand
796.0,797.0,-0.053,-0.871,0.517,p_stand
797.0,798.0,-0.054,-0.867,0.522,p_stand
798.0,799.0,-0.05,-0.864,0.538,p_stand
799.0,800.0,-0.068,-0.862,0.526,p_stand
800.0,801.0,-0.058,-0.868,0.527,p_stand
801.0,802.0,-0.06,-0.861,0.555,p_stand
802.0,803.0,-0.118,-0.818,0.589,p_stand
803.0,804.0,-0.124,-0.837,0.57,p_stand
804.0,805.0,-0.114,-0.861,0.554,p_stand
805.0,806.0,-0.095,-0.85,0.56,p_stand
806.0,807.0,-0.118,-0.849,0.565,p_stand
807.0,808.0,-0.114,-0.848,0.555,p_stand
808.0,809.0,-0.118,-0.847,0.55,p_stand
809.0,810.0,-0.112,-0.863,0.542,p_stand
810.0,811.0,-0.085,-0.852,0.557,p_stand
811.0,812.0,-0.064,-0.852,0.555,p_stand
812.0,813.0,-0.096,-0.849,0.549,p_stand
813.0,814.0,-0.078,-0.864,0.535,p_stand
814.0,815.0,-0.108,-0.861,0.532,p_stand
815.0,816.0,-0.081,-0.836,0.577,p_stand
816.0,817.0,-0.066,-0.822,0.638,p_stand
817.0,818.0,-0.051,-0.794,0.643,p_stand
818.0,819.0,-0.046,-0.79,0.654,p_stand
819.0,820.0,-0.022,-0.822,0.629,p_stand
820.0,821.0,-0.039,-0.803,0.656,p_stand
821.0,822.0,-0.039,-0.799,0.654,p_stand
822.0,823.0,-0.013,-0.816,0.622,p_stand
823.0,824.0,-0.02,-0.82,0.615,p_stand
824.0,825.0,,,,p_stand
825.0,826.0,-0.052,-0.825,0.613,p_stand
826.0,827.0,-0.048,-0.812,0.624,p_stand
827.0,828.0,-0.049,-0.818,0.625,p_stand
828.0,829.0,-0.02,-0.819,0.623,p_stand
829.0,830.0,-0.046,-0.821,0.62,p_stand
830.0,831.0,-0.04,-0.82,0.624,p_stand
831.0,832.0,-0.04,-0.818,0.617,p_stand
832.0,833.0,-0.085,-0.831,0.559,p_stand
833.0,834.0,-0.068,-0.573,0.799,p_stand
834.0,835.0,-0.156,-0.084,-0.775,p_stand
835.0,836.0,-0.082,0.011,-0.859,p_stand
836.0,837.0,0.277,-0.233,-0.816,p_stand
837.0,838.0,0.394,-0.352,-0.75,p_stand
838.0,839.0,0.616,-0.681,-0.236,p_stand
839.0,840.0,0.471,-0.798,-0.282,p_stand
840.0,841.0,,,,p_stand
841.0,842.0,0.416,-0.836,0.032,p_stand
842.0,843.0,0.481,-0.852,0.247,p_stand
843.0,844.0,0.449,-0.834,0.103,p_stand
844.0,845.0,-0.226,-0.645,-0.593,p_stand
845.0,846.0,-0.411,-0.539,-0.554,p_stand
846.0,847.0,-0.458,-0.685,-0.394,p_stand
847.0,848.0,-0.499,-0.677,-0.424,p_stand
848.0,849.0,,,,p_stand
849.0,850.0,,,,p_stand
850.0,851.0,,,,p_stand
851.0,852.0,,,,p_stand
852.0,853.0,-0.518,-0.554,-0.512,p_stand
853.0,854.0,-0.539,-0.494,-0.532,p_stand
854.0,855.0,-0.544,-0.5,-0.532,p_stand
855.0,856.0,-0.554,-0.547,-0.454,p_stand
856.0,857.0,-0.579,-0.496,-0.475,p_stand
857.0,858.0,-0.665,-0.521,-0.254,p_stand
858.0,859.0,-0.332,-0.493,-0.572,p_stand
859.0,860.0,0.318,-0.306,-0.802,p_stand
860.0,861.0,0.351,-0.606,-0.385,p_stand
861.0,862.0,0.464,-0.683,0.62,p_stand
862.0,863.0,0.437,-0.448,0.821,p_stand
863.0,864.0,0.074,-0.68,0.251,p_stand
864.0,865.0,-0.254,-0.894,0.036,p_stand
865.0,866.0,-0.169,-0.914,0.205,p_stand
866.0,867.0,-0.234,-0.716,0.281,p_stand
867.0,868.0,-0.218,-0.84,-0.382,p_stand
868.0,869.0,-0.202,-0.876,-0.388,p_stand
869.0,870.0,-0.198,-0.917,-0.23,p_stand
870.0,871.0,-0.19,-0.882,-0.171,p_stand
871.0,872.0,-0.168,-0.899,-0.225,p_stand
872.0,873.0,-0.157,-0.887,-0.24,p_stand
873.0,874.0,-0.192,-0.931,-0.206,p_stand
874.0,875.0,,,,p_stand
875.0,876.0,-0.134,-0.909,-0.204,p_stand
876.0,877.0,-0.256,-0.652,-0.539,p_stand
877.0,878.0,0.037,-0.563,-0.628,p_stand
878.0,879.0,0.486,-0.902,0.238,p_stand
879.0,880.0,0.681,-0.742,0.211,p_stand
880.0,881.0,0.836,-0.66,0.088,p_stand
881.0,882.0,0.797,-0.249,-0.121,p_stand
882.0,883.0,0.975,-0.166,-0.13,p_stand
883.0,884.0,0.532,-0.524,-0.494,p_stand
884.0,885.0,-0.312,-0.486,-0.665,p_stand
885.0,886.0,0.339,-0.457,-0.629,p_stand
886.0,887.0,0.849,-0.213,-0.357,p_stand
887.0,888.0,0.9,-0.02,-0.143,p_stand
888.0,889.0,0.945,0.17,-0.258,p_stand
889.0,890.0,0.854,0.222,-0.342,p_stand
890.0,891.0,0.802,0.134,-0.544,p_stand
891.0,892.0,0.287,-0.358,-0.7,p_stand
892.0,893.0,0.012,-0.46,-0.75,p_stand
893.0,894.0,0.04,-0.432,-0.752,p_stand
894.0,895.0,0.679,-0.378,-0.466,p_stand
895.0,896.0,0.877,-0.262,-0.283,p_stand
896.0,897.0,0.687,-0.501,-0.392,p_stand
897.0,898.0,0.245,-0.886,-0.131,p_stand
898.0,899.0,0.023,-0.812,0.342,p_stand
899.0,900.0,0.002,-0.531,-0.76,p_stand
900.0,901.0,0.167,-0.136,-0.857,p_stand
901.0,902.0,0.025,-0.168,-0.88,p_stand
902.0,903.0,0.01,-0.158,-0.844,p_stand
903.0,904.0,-0.023,-0.153,-0.844,p_stand
904.0,905.0,0.114,-0.165,-0.865,p_stand
905.0,906.0,0.073,-0.18,-0.816,p_stand
906.0,907.0,0.105,-0.131,-0.875,p_stand
907.0,908.0,0.258,-0.034,-0.912,p_stand
908.0,909.0,0.248,-0.109,-0.858,p_stand
909.0,910.0,0.301,-0.299,-0.766,p_stand
910.0,911.0,0.512,-0.279,-0.699,p_stand
911.0,912.0,0.69,-0.394,-0.492,p_stand
912.0,913.0,0.938,-0.217,-0.308,p_stand
913.0,914.0,0.893,-0.139,-0.177,p_stand
914.0,915.0,0.983,-0.218,-0.096,p_stand
915.0,916.0,0.988,-0.212,-0.348,p_stand
916.0,917.0,-0.083,-0.678,-0.327,p_stand
917.0,918.0,0.464,-0.516,-0.695,p_stand
918.0,919.0,0.941,-0.155,-0.151,p_stand
919.0,920.0,0.975,-0.244,-0.08,p_stand
920.0,921.0,0.741,-0.271,-0.43,p_stand
921.0,922.0,0.613,-0.1,-0.699,p_stand
922.0,923.0,0.607,-0.372,-0.558,p_stand
923.0,924.0,0.788,-0.424,-0.331,p_stand
924.0,925.0,0.782,-0.555,-0.089,p_stand
925.0,926.0,0.783,-0.563,0.273,p_stand
926.0,927.0,0.664,-0.451,-0.277,p_stand
927.0,928.0,0.408,-0.402,-0.66,p_stand
928.0,929.0,0.657,-0.337,-0.599,p_stand
929.0,930.0,0.773,-0.388,-0.39,p_stand
930.0,931.0,0.723,-0.695,0.035,p_stand
931.0,932.0,0.544,-0.545,-0.532,p_stand
932.0,933.0,0.314,-0.369,-0.747,p_stand
933.0,934.0,0.516,-0.309,-0.683,p_stand
934.0,935.0,0.511,-0.399,-0.633,p_stand
935.0,936.0,0.636,-0.565,-0.392,p_stand
936.0,937.0,0.402,-0.276,-0.684,p_stand
937.0,938.0,0.609,-0.431,-0.606,p_stand
938.0,939.0,0.814,-0.365,-0.38,p_stand
939.0,940.0,0.705,-0.375,-0.504,p_stand
940.0,941.0,0.281,-0.19,-0.858,p_stand
941.0,942.0,-0.218,-0.431,-0.611,p_stand
942.0,943.0,0.521,-0.562,-0.716,p_stand
943.0,944.0,0.48,-0.333,-0.706,p_stand
944.0,945.0,0.465,-0.627,-0.38,p_stand
945.0,946.0,0.5,-0.851,0.038,p_stand
946.0,947.0,0.542,-0.754,0.411,p_stand
947.0,948.0,0.568,-0.624,0.596,p_stand
948.0,949.0,0.569,-0.658,0.534,p_stand
949.0,950.0,0.558,-0.743,0.449,p_stand
950.0,951.0,0.556,-0.758,0.222,p_stand
951.0,952.0,0.463,-0.651,-0.319,p_stand
952.0,953.0,0.588,-0.473,-0.541,p_stand
953.0,954.0,0.556,-0.445,-0.619,p_stand
954.0,955.0,0.409,-0.464,-0.664,p_stand
955.0,956.0,0.577,-0.553,-0.35,p_stand
956.0,957.0,0.687,-0.579,0.011,p_stand
957.0,958.0,0.693,-0.562,-0.194,p_stand
958.0,959.0,0.736,-0.48,-0.314,p_stand
959.0,960.0,0.755,-0.46,-0.054,p_stand
960.0,961.0,0.743,-0.342,-0.201,p_stand
961.0,962.0,0.746,-0.329,-0.25,p_stand
962.0,963.0,0.711,-0.087,-0.511,p_stand
963.0,964.0,0.675,-0.458,-0.175,p_stand
964.0,965.0,0.674,-0.19,-0.594,p_stand
965.0,966.0,0.614,-0.027,-0.639,p_stand
966.0,967.0,0.616,0.219,-0.644,p_stand
967.0,968.0,0.621,0.12,-0.655,p_stand
968.0,969.0,0.647,0.03,-0.642,p_stand
969.0,970.0,0.652,0.018,-0.646,p_stand
970.0,971.0,0.646,0.005,-0.63,p_stand
971.0,972.0,0.644,0.13,-0.65,p_stand
972.0,973.0,0.601,0.067,-0.671,p_stand
973.0,974.0,0.696,0.018,-0.619,p_stand
974.0,975.0,0.61,-0.661,-0.113,p_stand
975.0,976.0,0.753,-0.378,-0.378,p_stand
976.0,977.0,0.717,-0.354,-0.327,p_stand
977.0,978.0,0.716,-0.188,-0.468,p_stand
978.0,979.0,0.731,-0.306,-0.381,p_stand
979.0,980.0,0.63,-0.318,-0.561,p_stand
980.0,981.0,0.679,-0.437,-0.464,p_stand
981.0,982.0,0.718,-0.422,-0.437,p_stand
982.0,983.0,0.703,-0.329,-0.503,p_stand
983.0,984.0,0.648,0.006,-0.594,p_stand
984.0,985.0,0.617,0.195,-0.633,p_stand
985.0,986.0,0.476,0.224,-0.716,p_stand
986.0,987.0,0.377,0.017,-0.832,p_stand
987.0,988.0,0.445,0.266,-0.691,p_stand
988.0,989.0,0.603,-0.269,-0.496,p_stand
989.0,990.0,0.743,-0.671,-0.007,p_stand
990.0,991.0,0.658,-0.643,-0.255,p_stand
991.0,992.0,0.544,-0.506,-0.544,p_stand
992.0,993.0,0.59,-0.428,-0.533,p_stand
993.0,994.0,0.68,-0.306,-0.462,p_stand
994.0,995.0,0.616,-0.548,0.351,p_stand
995.0,996.0,0.627,-0.531,0.604,p_stand
996.0,997.0,0.302,-0.847,-0.301,p_stand
997.0,998.0,0.344,-0.734,-0.473,p_stand
998.0,999.0,0.383,-0.708,-0.473,p_stand
999.0,1000.0,0.4,-0.689,-0.483,p_stand
1000.0,1001.0,0.54,-0.376,-1.039,p_stand
1001.0,1002.0,0.466,-0.551,-0.651,p_stand
1002.0,1003.0,0.735,-0.391,-0.377,p_stand
1003.0,1004.0,0.971,-0.079,-0.074,p_stand
1004.0,1005.0,0.932,-0.126,-0.174,p_stand
1005.0,1006.0,0.971,-0.11,-0.052,p_stand
1006.0,1007.0,0.957,-0.111,-0.083,p_stand
1007.0,1008.0,0.967,-0.122,-0.03,p_stand
1008.0,1009.0,0.966,-0.086,-0.082,p_stand
1009.0,1010.0,0.964,-0.067,-0.063,p_stand
1010.0,1011.0,0.971,-0.043,-0.059,p_stand
1011.0,1012.0,0.977,-0.07,-0.056,p_stand
1012.0,1013.0,0.97,-0.056,-0.014,p_stand
1013.0,1014.0,0.991,-0.017,-0.118,p_stand
1014.0,1015.0,0.614,0.057,-0.67,p_stand
1015.0,1016.0,0.327,-0.032,-0.74,p_stand
1016.0,1017.0,0.632,-0.343,-0.632,p_stand
1017.0,1018.0,0.908,-0.263,-0.164,p_stand
1018.0,1019.0,0.918,-0.202,-0.093,p_stand
1019.0,1020.0,1.008,-0.014,-0.104,p_stand
1020.0,1021.0,1.028,-0.027,-0.122,p_stand
1021.0,1022.0,0.941,-0.05,-0.019,p_stand
1022.0,1023.0,1.04,0.047,-0.029,p_stand
1023.0,1024.0,0.932,0.02,-0.057,p_stand
1024.0,1025.0,1.026,0.036,-0.049,p_stand
1025.0,1026.0,0.913,0.056,-0.005,p_stand
1026.0,1027.0,0.976,-0.096,-0.206,p_stand
1027.0,1028.0,0.964,0.05,-0.103,p_stand
1028.0,1029.0,0.956,0.113,-0.126,p_stand
1029.0,1030.0,0.928,0.026,-0.004,p_stand
1030.0,1031.0,1.034,0.038,0.053,p_stand
1031.0,1032.0,0.956,0.1,-0.022,p_stand
1032.0,1033.0,0.97,-0.058,-0.037,p_stand
1033.0,1034.0,0.977,-0.087,-0.214,p_stand
1034.0,1035.0,0.915,-0.15,-0.227,p_stand
1035.0,1036.0,0.902,-0.232,-0.444,p_stand
1036.0,1037.0,0.223,-0.83,0.169,p_stand
1037.0,1038.0,0.619,-0.541,0.406,p_stand
1038.0,1039.0,0.854,0.164,0.448,p_stand
1039.0,1040.0,0.856,0.414,0.107,p_stand
1040.0,1041.0,0.839,-0.441,-0.038,p_stand
1041.0,1042.0,0.872,-0.148,-0.367,p_stand
1042.0,1043.0,0.98,-0.102,-0.177,p_stand
1043.0,1044.0,0.998,-0.025,-0.026,p_stand
1044.0,1045.0,0.966,-0.093,0.018,p_stand
1045.0,1046.0,0.986,-0.008,-0.027,p_stand
1046.0,1047.0,0.948,-0.162,0.132,p_stand
1047.0,1048.0,0.971,-0.116,-0.034,p_stand
1048.0,1049.0,0.878,-0.406,-0.293,p_stand
1049.0,1050.0,-0.236,-0.756,-0.217,p_stand
1050.0,1051.0,-0.445,-0.843,-0.041,p_stand
1051.0,1052.0,-0.107,-0.888,0.261,p_stand
1052.0,1053.0,0.03,-0.889,-0.262,p_stand
1053.0,1054.0,-0.009,-0.85,-0.249,p_stand
1054.0,1055.0,0.58,-0.387,-0.613,p_stand
1055.0,1056.0,0.803,-0.143,-0.452,p_stand
1056.0,1057.0,0.975,0.019,0.006,p_stand
1057.0,1058.0,0.984,-0.05,0.075,p_stand
1058.0,1059.0,0.975,-0.112,0.056,p_stand
1059.0,1060.0,0.967,-0.007,-0.021,p_stand
1060.0,1061.0,0.95,-0.022,-0.059,p_stand
1061.0,1062.0,0.965,-0.114,-0.021,p_stand
1062.0,1063.0,0.974,-0.042,-0.015,p_stand
1063.0,1064.0,0.968,-0.054,-0.057,p_stand
1064.0,1065.0,0.97,-0.044,-0.074,p_stand
1065.0,1066.0,0.884,0.043,0.098,p_stand
1066.0,1067.0,1.071,0.167,0.127,p_stand
1067.0,1068.0,0.961,0.178,0.1,p_stand
1068.0,1069.0,0.971,0.184,0.1,p_stand
1069.0,1070.0,0.966,0.133,-0.222,p_stand
1070.0,1071.0,0.031,0.386,-0.602,p_stand
1071.0,1072.0,0.614,0.27,-0.74,p_stand
1072.0,1073.0,0.972,0.033,-0.267,p_stand
1073.0,1074.0,0.959,-0.02,-0.122,p_stand
1074.0,1075.0,0.971,-0.002,-0.12,p_stand
1075.0,1076.0,0.842,0.13,-0.305,p_stand
1076.0,1077.0,0.592,0.294,-0.813,p_stand
1077.0,1078.0,-0.048,-0.179,-0.874,p_stand
1078.0,1079.0,,,,p_stand
1079.0,1080.0,0.179,-0.187,-0.747,p_stand
1080.0,1081.0,0.316,-0.159,-0.57,p_stand
1081.0,1082.0,0.571,0.326,-0.632,p_stand
1082.0,1083.0,0.574,0.26,-0.66,p_stand
1083.0,1084.0,0.551,0.256,-0.678,p_stand
1084.0,1085.0,,,,p_stand
1085.0,1086.0,0.556,0.304,-0.642,p_stand
1086.0,1087.0,0.557,0.346,-0.625,p_stand
1087.0,1088.0,0.559,0.424,-0.47,p_stand
1088.0,1089.0,0.184,0.096,-0.863,p_stand
1089.0,1090.0,,,,p_stand
1090.0,1091.0,,,,p_stand
1091.0,1092.0,,,,p_stand
1092.0,1093.0,-0.264,0.016,-0.62,p_stand
1093.0,1094.0,-0.349,-0.318,-0.65,p_stand
1094.0,1095.0,,,,p_stand
1095.0,1096.0,-0.184,-0.558,-0.675,p_stand
1096.0,1097.0,,,,p_stand
1097.0,1098.0,,,,p_stand
1098.0,1099.0,-0.324,-0.399,-0.65,p_stand
1099.0,1100.0,-0.542,0.277,-0.613,p_stand
1100.0,1101.0,-0.54,0.592,-0.409,p_stand
1101.0,1102.0,-0.538,0.635,-0.393,p_stand
1102.0,1103.0,-0.53,0.595,-0.431,p_stand
1103.0,1104.0,-0.604,0.374,-0.47,p_stand
1104.0,1105.0,-0.465,0.14,-0.758,p_stand
1105.0,1106.0,-0.437,-0.109,-0.748,p_stand
1106.0,1107.0,,,,p_stand
1107.0,1108.0,,,,p_stand
1108.0,1109.0,-0.439,-0.174,-0.742,p_stand
1109.0,1110.0,-0.454,-0.15,-0.743,p_stand
1110.0,1111.0,-0.438,-0.064,-0.646,p_stand
1111.0,1112.0,,,,p_stand
1112.0,1113.0,,,,p_stand
1113.0,1114.0,,,,p_stand
1114.0,1115.0,,,,p_stand
1115.0,1116.0,,,,p_stand
1116.0,1117.0,0.808,0.51,-0.414,p_stand
1117.0,1118.0,0.663,0.471,-0.329,p_stand
1118.0,1119.0,,,,p_stand
1119.0,1120.0,,,,p_stand
1120.0,1121.0,,,,p_stand
1121.0,1122.0,,,,p_stand
1122.0,1123.0,,,,p_stand
1123.0,1124.0,0.602,0.467,0.014,p_stand
1124.0,1125.0,0.975,0.335,0.122,p_stand
1125.0,1126.0,0.943,0.261,0.156,p_stand
1126.0,1127.0,0.945,0.23,0.182,p_stand
1127.0,1128.0,0.938,0.265,0.148,p_stand
1128.0,1129.0,0.965,0.315,0.068,p_stand
1129.0,1130.0,0.684,0.512,-0.28,p_stand
1130.0,1131.0,0.873,0.316,-0.253,p_stand
1131.0,1132.0,0.901,0.32,-0.093,p_stand
1132.0,1133.0,0.914,0.327,-0.085,p_stand
1133.0,1134.0,0.903,0.236,-0.134,p_stand
1134.0,1135.0,0.637,0.688,0.13,p_stand
1135.0,1136.0,0.188,1.032,-0.17,p_stand
1136.0,1137.0,-0.036,0.865,-0.297,p_stand
1137.0,1138.0,-0.016,0.937,-0.083,p_stand
1138.0,1139.0,-0.004,0.946,-0.012,p_stand
1139.0,1140.0,0.127,1.005,0.037,p_stand
1140.0,1141.0,0.251,0.6,-0.318,p_stand
1141.0,1142.0,0.006,0.006,-0.732,p_stand
1142.0,1143.0,-0.265,-0.747,-0.448,p_stand
1143.0,1144.0,0.184,-0.822,0.119,p_stand
1144.0,1145.0,0.676,-0.57,0.555,p_stand
1145.0,1146.0,0.626,-0.213,0.816,p_stand
1146.0,1147.0,0.639,-0.412,0.501,p_stand
1147.0,1148.0,0.605,-0.69,0.129,p_stand
1148.0,1149.0,0.524,-0.79,0.41,p_stand
1149.0,1150.0,0.514,-0.822,0.225,p_stand
1150.0,1151.0,0.452,-0.86,0.242,p_stand
1151.0,1152.0,0.446,-0.868,0.227,p_stand
1152.0,1153.0,0.229,-0.772,0.551,p_stand
1153.0,1154.0,-0.256,-0.27,0.958,p_stand
1154.0,1155.0,-0.155,-0.464,0.937,p_stand
1155.0,1156.0,-0.121,-0.482,0.935,p_stand
1156.0,1157.0,,,,p_stand
1157.0,1158.0,-0.194,-0.551,0.887,p_stand
1158.0,1159.0,-0.334,-0.74,0.462,p_stand
1159.0,1160.0,-0.232,-0.938,-0.128,p_stand
1160.0,1161.0,-0.23,-0.92,-0.109,p_stand
1161.0,1162.0,-0.23,-0.921,-0.097,p_stand
1162.0,1163.0,-0.274,-0.919,-0.093,p_stand
1163.0,1164.0,-0.522,-0.232,0.722,p_stand
1164.0,1165.0,-0.468,-0.334,0.879,p_stand
1165.0,1166.0,-0.459,-0.319,0.883,p_stand
1166.0,1167.0,-0.452,-0.295,0.897,p_stand
1167.0,1168.0,-0.456,-0.316,0.884,p_stand
1168.0,1169.0,-0.453,-0.301,0.889,p_stand
1169.0,1170.0,-0.329,-0.25,0.951,p_stand
1170.0,1171.0,0.155,-0.491,0.847,p_stand
1171.0,1172.0,0.231,-0.891,0.366,p_stand
1172.0,1173.0,0.231,-0.812,0.537,p_stand
1173.0,1174.0,-0.008,-0.936,0.578,p_stand
1174.0,1175.0,,,,p_stand
1175.0,1176.0,0.136,-0.96,0.326,p_stand
1176.0,1177.0,0.581,-0.632,-0.036,p_stand
1177.0,1178.0,0.486,-0.452,-0.004,p_stand
1178.0,1179.0,0.629,-0.752,-0.05,p_stand
1179.0,1180.0,0.65,-0.723,0.033,p_stand
1180.0,1181.0,0.644,-0.746,0.029,p_stand
1181.0,1182.0,0.665,-0.711,0.005,p_stand
1182.0,1183.0,0.674,-0.72,0.02,p_stand
1183.0,1184.0,0.676,-0.585,-0.054,p_stand
1184.0,1185.0,0.827,-0.403,-0.145,p_stand
1185.0,1186.0,0.972,-0.157,-0.102,p_stand
1186.0,1187.0,0.946,-0.196,-0.088,p_stand
1187.0,1188.0,0.944,-0.237,-0.057,p_stand
1188.0,1189.0,0.882,-0.5,0.064,p_stand
1189.0,1190.0,0.1,-0.559,0.794,p_stand
1190.0,1191.0,-0.001,-0.666,0.748,p_stand
1191.0,1192.0,0.623,-0.74,0.308,p_stand
1192.0,1193.0,0.83,-0.514,0.263,p_stand
1193.0,1194.0,0.818,-0.483,0.255,p_stand
1194.0,1195.0,0.759,-0.714,0.167,p_stand
1195.0,1196.0,0.122,-0.954,0.251,p_stand
1196.0,1197.0,,,,p_stand
1197.0,1198.0,,,,p_stand
1198.0,1199.0,,,,p_stand
1199.0,1200.0,0.346,-0.917,0.302,p_stand
1200.0,1201.0,0.671,-0.697,0.365,p_stand
1201.0,1202.0,0.74,-0.64,0.257,p_stand
1202.0,1203.0,0.846,-0.473,0.217,p_stand
1203.0,1204.0,0.907,-0.35,0.22,p_stand
1204.0,1205.0,0.919,-0.333,0.225,p_stand
1205.0,1206.0,0.898,-0.313,0.274,p_stand
1206.0,1207.0,0.732,-0.639,-0.042,p_stand
1207.0,1208.0,0.357,-0.913,0.104,p_stand
1208.0,1209.0,,,,p_stand
1209.0,1210.0,,,,p_stand
1210.0,1211.0,,,,p_stand
1211.0,1212.0,,,,p_stand
1212.0,1213.0,0.267,-0.88,0.341,p_stand
1213.0,1214.0,-0.128,-0.415,0.878,p_stand
1214.0,1215.0,-0.404,-0.55,0.752,p_stand
1215.0,1216.0,-0.396,-0.582,0.75,p_stand
1216.0,1217.0,-0.392,-0.58,0.757,p_stand
1217.0,1218.0,-0.396,-0.574,0.76,p_stand
1218.0,1219.0,-0.291,-0.549,0.842,p_stand
1219.0,1220.0,-0.342,-0.445,0.798,p_stand
1220.0,1221.0,-0.38,-0.551,0.802,p_stand
1221.0,1222.0,-0.33,-0.583,0.801,p_stand
1222.0,1223.0,-0.295,-0.574,0.82,p_stand
1223.0,1224.0,-0.363,-0.603,0.765,p_stand
1224.0,1225.0,-0.386,-0.511,0.88,p_stand
1225.0,1226.0,-0.377,-0.5,0.823,p_stand
1226.0,1227.0,-0.385,-0.521,0.806,p_stand
1227.0,1228.0,-0.366,-0.533,0.817,p_stand
1228.0,1229.0,-0.365,-0.551,0.802,p_stand
1229.0,1230.0,-0.407,-0.456,0.794,p_stand
1230.0,1231.0,0.007,-0.912,0.474,p_stand
1231.0,1232.0,,,,p_stand
1232.0,1233.0,,,,p_stand
1233.0,1234.0,,,,p_stand
1234.0,1235.0,,,,p_stand
1235.0,1236.0,0.744,-0.532,-0.374,p_stand
1236.0,1237.0,0.252,-0.849,0.365,p_stand
1237.0,1238.0,0.09,-0.935,0.343,p_stand
1238.0,1239.0,0.249,-0.961,0.141,p_stand
1239.0,1240.0,0.026,-0.886,0.474,p_stand
1240.0,1241.0,0.062,-0.851,0.486,p_stand
1241.0,1242.0,0.495,-0.803,0.258,p_stand
1242.0,1243.0,0.854,-0.39,-0.06,p_stand
1243.0,1244.0,0.973,-0.247,-0.068,p_stand
1244.0,1245.0,0.948,-0.244,-0.053,p_stand
1245.0,1246.0,0.939,-0.253,-0.049,p_stand
1246.0,1247.0,0.947,-0.253,-0.038,p_stand
1247.0,1248.0,1.013,-0.283,-0.037,p_stand
1248.0,1249.0,0.788,-0.479,0.095,p_stand
1249.0,1250.0,0.638,-0.619,0.046,p_stand
1250.0,1251.0,0.186,-0.879,-0.15,p_stand
1251.0,1252.0,,,,p_stand
1252.0,1253.0,,,,p_stand
1253.0,1254.0,,,,p_stand
1254.0,1255.0,0.618,-0.593,-0.077,p_stand
1255.0,1256.0,0.228,-1.008,0.058,p_stand
1256.0,1257.0,0.069,-0.953,0.208,p_stand
1257.0,1258.0,0.01,-0.978,0.06,p_stand
1258.0,1259.0,0.052,-1.008,-0.082,p_stand
1259.0,1260.0,0.515,-1.1,-0.056,p_stand
1260.0,1261.0,0.46,-0.787,0.105,p_stand
1261.0,1262.0,0.945,-0.431,0.205,p_stand
1262.0,1263.0,0.904,-0.388,0.141,p_stand
1263.0,1264.0,,,,p_stand
1264.0,1265.0,0.783,-0.448,0.155,p_stand
1265.0,1266.0,0.607,-0.612,-0.337,p_stand
1266.0,1267.0,0.39,-0.896,0.057,p_stand
1267.0,1268.0,0.381,-0.843,-0.249,p_stand
1268.0,1269.0,0.384,-0.857,-0.203,p_stand
1269.0,1270.0,0.378,-0.859,-0.191,p_stand
1270.0,1271.0,0.391,-0.846,-0.235,p_stand
1271.0,1272.0,0.057,-0.741,0.551,p_stand
1272.0,1273.0,-0.167,-0.524,0.817,p_stand
1273.0,1274.0,-0.329,-0.372,0.945,p_stand
1274.0,1275.0,-0.312,-0.356,0.934,p_stand
1275.0,1276.0,-0.325,-0.392,0.922,p_stand
1276.0,1277.0,-0.319,-0.389,0.923,p_stand
1277.0,1278.0,-0.3,-0.354,0.953,p_stand
1278.0,1279.0,-0.361,-0.547,0.587,p_stand
1279.0,1280.0,-0.455,0.182,-0.736,p_stand
1280.0,1281.0,-0.302,0.255,-0.784,p_stand
1281.0,1282.0,-0.264,0.342,-0.766,p_stand
1282.0,1283.0,-0.282,0.353,-0.762,p_stand
1283.0,1284.0,-0.442,0.225,-0.717,p_stand
1284.0,1285.0,-0.772,-0.12,0.078,p_stand
1285.0,1286.0,-0.182,0.084,1.071,p_stand
1286.0,1287.0,0.076,-0.017,1.067,p_stand
1287.0,1288.0,0.069,-0.188,1.055,p_stand
1288.0,1289.0,0.002,-0.247,1.042,p_stand
1289.0,1290.0,-0.011,-0.259,1.054,p_stand
1290.0,1291.0,-0.323,-0.343,0.764,p_stand
1291.0,1292.0,0.119,-0.952,0.192,p_stand
1292.0,1293.0,,,,p_stand
1293.0,1294.0,0.411,-0.878,-0.005,p_stand
1294.0,1295.0,,,,p_stand
1295.0,1296.0,0.402,-0.89,0.002,p_stand
1296.0,1297.0,0.786,-0.723,-0.236,p_stand
1297.0,1298.0,0.801,-0.403,-0.029,p_stand
1298.0,1299.0,0.854,-0.442,0.164,p_stand
1299.0,1300.0,0.756,-0.64,0.183,p_stand
1300.0,1301.0,0.247,-0.904,-0.003,p_stand
1301.0,1302.0,-0.145,-0.749,0.276,p_stand
1302.0,1303.0,0.229,-0.914,-0.245,p_stand
1303.0,1304.0,0.606,-0.752,-0.142,p_stand
1304.0,1305.0,0.605,-0.731,-0.139,p_stand
1305.0,1306.0,0.804,-0.37,0.008,p_stand
1306.0,1307.0,0.996,-0.085,-0.135,p_stand
1307.0,1308.0,0.962,-0.124,-0.099,p_stand
1308.0,1309.0,0.954,-0.145,-0.095,p_stand
1309.0,1310.0,1.025,-0.181,-0.079,p_stand
1310.0,1311.0,0.87,-0.297,0.07,p_stand
1311.0,1312.0,0.933,-0.312,0.114,p_stand
1312.0,1313.0,0.939,-0.298,0.131,p_stand
1313.0,1314.0,0.947,-0.27,0.136,p_stand
1314.0,1315.0,0.822,-0.344,0.028,p_stand
1315.0,1316.0,0.374,-0.856,-0.362,p_stand
1316.0,1317.0,0.127,-0.904,-0.273,p_stand
1317.0,1318.0,0.081,-0.893,-0.288,p_stand
1318.0,1319.0,,,,p_stand
1319.0,1320.0,,,,p_stand
1320.0,1321.0,0.352,-0.95,-0.593,p_stand
1321.0,1322.0,0.232,-0.703,-0.107,p_stand
1322.0,1323.0,0.642,-0.716,-0.09,p_stand
1323.0,1324.0,0.594,-0.77,-0.04,p_stand
1324.0,1325.0,0.592,-0.777,-0.038,p_stand
1325.0,1326.0,0.575,-0.784,-0.08,p_stand
1326.0,1327.0,0.602,-0.768,-0.084,p_stand
1327.0,1328.0,0.707,-0.667,-0.155,p_stand
1328.0,1329.0,0.623,-0.438,-0.457,p_stand
1329.0,1330.0,0.667,-0.511,-0.5,p_stand
1330.0,1331.0,,,,p_stand
1331.0,1332.0,,,,p_stand
1332.0,1333.0,,,,p_stand
1333.0,1334.0,0.248,-0.833,-0.38,p_stand
1334.0,1335.0,-0.037,-0.882,0.278,p_stand
1335.0,1336.0,-0.298,-0.667,0.714,p_stand
1336.0,1337.0,-0.272,-0.742,0.651,p_stand
1337.0,1338.0,-0.233,-0.735,0.656,p_stand
1338.0,1339.0,-0.288,-0.758,0.629,p_stand
1339.0,1340.0,-0.35,-0.703,0.654,p_stand
1340.0,1341.0,-0.34,-0.73,0.621,p_stand
1341.0,1342.0,-0.444,-0.805,-0.186,p_stand
1342.0,1343.0,,,,p_stand
1343.0,1344.0,,,,p_stand
1344.0,1345.0,-0.41,-0.837,-0.147,p_stand
1345.0,1346.0,-0.431,-0.842,-0.09,p_stand
1346.0,1347.0,-0.513,-0.807,-0.032,p_stand
1347.0,1348.0,-0.248,-0.811,0.218,p_stand
1348.0,1349.0,0.043,-0.943,0.058,p_stand
1349.0,1350.0,-0.462,-0.529,0.706,p_stand
1350.0,1351.0,-0.466,-0.56,0.716,p_stand
1351.0,1352.0,-0.466,-0.569,0.716,p_stand
1352.0,1353.0,-0.464,-0.578,0.707,p_stand
1353.0,1354.0,-0.457,-0.583,0.71,p_stand
1354.0,1355.0,-0.458,-0.579,0.71,p_stand
1355.0,1356.0,-0.521,-0.613,0.625,p_stand
1356.0,1357.0,0.05,-0.942,0.049,p_stand
1357.0,1358.0,,,,p_stand
1358.0,1359.0,,,,p_stand
1359.0,1360.0,,,,p_stand
1360.0,1361.0,,,,p_stand
1361.0,1362.0,,,,p_stand
1362.0,1363.0,0.577,-0.723,-0.324,p_stand
1363.0,1364.0,0.765,-0.641,-0.182,p_stand
1364.0,1365.0,0.109,-0.776,-0.407,p_stand
1365.0,1366.0,0.153,-0.859,-0.206,p_stand
1366.0,1367.0,0.895,-0.433,-0.052,p_stand
1367.0,1368.0,0.92,-0.368,-0.077,p_stand
1368.0,1369.0,0.924,-0.293,0.108,p_stand
1369.0,1370.0,0.935,-0.369,0.04,p_stand
1370.0,1371.0,0.933,-0.377,0.151,p_stand
1371.0,1372.0,0.882,-0.383,0.12,p_stand
1372.0,1373.0,0.699,-0.72,-0.112,p_stand
1373.0,1374.0,-0.066,-0.845,-0.266,p_stand
1374.0,1375.0,0.013,-0.783,-0.224,p_stand
1375.0,1376.0,0.75,-0.593,-0.225,p_stand
1376.0,1377.0,0.782,-0.459,-0.313,p_stand
1377.0,1378.0,0.409,-0.708,-0.334,p_stand
1378.0,1379.0,-0.108,-0.95,0.054,p_stand
1379.0,1380.0,-0.061,-0.893,-0.368,p_stand
1380.0,1381.0,0.048,-0.859,-0.368,p_stand
1381.0,1382.0,0.32,-0.802,-0.196,p_stand
1382.0,1383.0,0.836,-0.558,0.01,p_stand
1383.0,1384.0,0.865,-0.514,0.044,p_stand
1384.0,1385.0,0.526,-0.633,-0.364,p_stand
1385.0,1386.0,0.732,-0.546,-0.359,p_stand
1386.0,1387.0,0.599,-0.729,-0.244,p_stand
1387.0,1388.0,0.52,-0.782,0.313,p_stand
1388.0,1389.0,0.508,-0.808,0.331,p_stand
1389.0,1390.0,0.53,-0.786,0.298,p_stand
1390.0,1391.0,0.573,-0.799,0.021,p_stand
1391.0,1392.0,0.528,-0.812,-0.087,p_stand
1392.0,1393.0,0.658,-0.736,-0.166,p_stand
1393.0,1394.0,0.364,-0.898,-0.098,p_stand
1394.0,1395.0,-0.209,-1.011,-0.029,p_stand
1395.0,1396.0,0.343,-0.7,-0.329,p_stand
1396.0,1397.0,0.864,-0.41,-0.188,p_stand
1397.0,1398.0,0.695,-0.603,-0.157,p_stand
1398.0,1399.0,0.692,-0.596,-0.333,p_stand
1399.0,1400.0,0.828,-0.333,-0.29,p_stand
1400.0,1401.0,1.045,-0.142,-0.038,p_stand
1401.0,1402.0,0.632,-0.372,-0.502,p_stand
1402.0,1403.0,0.348,0.065,-0.636,p_stand
1403.0,1404.0,0.126,0.533,-0.808,p_stand
1404.0,1405.0,-0.084,0.091,-0.846,p_stand
1405.0,1406.0,0.334,-0.422,-0.735,p_stand
1406.0,1407.0,0.451,-0.422,-0.67,p_stand
1407.0,1408.0,0.452,-0.405,-0.682,p_stand
1408.0,1409.0,0.446,-0.43,-0.671,p_stand
1409.0,1410.0,0.442,-0.443,-0.662,p_stand
1410.0,1411.0,0.439,-0.439,-0.669,p_stand
1411.0,1412.0,0.436,-0.449,-0.661,p_stand
1412.0,1413.0,0.436,-0.46,-0.656,p_stand
1413.0,1414.0,0.432,-0.471,-0.65,p_stand
1414.0,1415.0,0.427,-0.474,-0.654,p_stand
1415.0,1416.0,0.43,-0.476,-0.654,p_stand
1416.0,1417.0,0.426,-0.463,-0.648,p_stand
1417.0,1418.0,0.546,-0.297,-0.732,p_stand
1418.0,1419.0,0.374,-0.581,-0.511,p_stand
1419.0,1420.0,0.51,-0.577,-0.533,p_stand
1420.0,1421.0,0.768,-0.554,-0.171,p_stand
1421.0,1422.0,0.786,-0.56,-0.166,p_stand
1422.0,1423.0,0.517,-0.722,-0.271,p_stand
1423.0,1424.0,0.489,-0.804,-0.158,p_stand
1424.0,1425.0,0.495,-0.813,-0.222,p_stand
1425.0,1426.0,0.54,-0.464,-0.548,p_stand
1426.0,1427.0,0.59,-0.417,-0.53,p_stand
1427.0,1428.0,0.463,-0.822,-0.199,p_stand
1428.0,1429.0,0.303,-0.878,-0.03,p_stand
1429.0,1430.0,0.403,-0.732,-0.495,p_stand
1430.0,1431.0,0.404,-0.578,-0.566,p_stand
1431.0,1432.0,0.459,-0.486,-0.594,p_stand
1432.0,1433.0,0.647,-0.191,-0.646,p_stand
1433.0,1434.0,0.606,-0.267,-0.565,p_stand
1434.0,1435.0,0.543,-0.797,0.215,p_stand
1435.0,1436.0,0.524,-0.651,-0.174,p_stand
1436.0,1437.0,0.549,-0.287,-0.719,p_stand
1437.0,1438.0,0.474,-0.757,-0.02,p_stand
1438.0,1439.0,0.508,-0.723,-0.324,p_stand
1439.0,1440.0,0.369,-0.697,-0.397,p_stand
1440.0,1441.0,0.538,-0.481,-0.639,p_stand
1441.0,1442.0,0.538,-0.104,-0.709,p_stand
1442.0,1443.0,0.34,-0.239,-0.778,p_stand
1443.0,1444.0,0.272,-0.489,-0.718,p_stand
1444.0,1445.0,0.343,-0.242,-0.77,p_stand
1445.0,1446.0,0.476,-0.18,-0.716,p_stand
1446.0,1447.0,0.401,-0.15,-0.779,p_stand
1447.0,1448.0,0.512,-0.639,-0.137,p_stand
1448.0,1449.0,0.277,-0.828,0.332,p_stand
1449.0,1450.0,0.208,-0.89,0.369,p_stand
1450.0,1451.0,0.033,-0.867,0.343,p_stand
1451.0,1452.0,-0.017,-0.971,0.05,p_stand
1452.0,1453.0,-0.151,-0.799,0.558,p_stand
1453.0,1454.0,0.145,-0.783,0.47,p_stand
1454.0,1455.0,0.881,-0.569,0.163,p_stand
1455.0,1456.0,0.171,-0.904,0.277,p_stand
1456.0,1457.0,0.039,-0.895,0.517,p_stand
1457.0,1458.0,-0.021,-0.838,0.554,p_stand
1458.0,1459.0,-0.072,-0.899,0.378,p_stand
1459.0,1460.0,0.682,-0.705,0.163,p_stand
1460.0,1461.0,0.867,-0.493,-0.016,p_stand
1461.0,1462.0,0.865,-0.471,0.048,p_stand
1462.0,1463.0,0.785,-0.576,-0.106,p_stand
1463.0,1464.0,0.832,-0.476,0.307,p_stand
1464.0,1465.0,0.768,-0.549,0.276,p_stand
1465.0,1466.0,0.792,-0.507,0.359,p_stand
1466.0,1467.0,0.856,-0.431,0.333,p_stand
1467.0,1468.0,0.835,-0.508,0.252,p_stand
1468.0,1469.0,0.843,-0.46,0.261,p_stand
1469.0,1470.0,0.894,-0.354,0.282,p_stand
1470.0,1471.0,0.785,-0.587,0.283,p_stand
1471.0,1472.0,0.746,-0.511,0.435,p_stand
1472.0,1473.0,0.23,-0.856,0.346,p_stand
1473.0,1474.0,-0.044,-0.818,0.479,p_stand
1474.0,1475.0,0.687,-0.668,0.278,p_stand
1475.0,1476.0,0.726,-0.643,0.001,p_stand
1476.0,1477.0,0.757,-0.617,-0.022,p_stand
1477.0,1478.0,0.769,-0.619,-0.065,p_stand
1478.0,1479.0,0.86,-0.398,0.328,p_stand
1479.0,1480.0,0.862,-0.458,0.234,p_stand
1480.0,1481.0,0.917,-0.344,0.232,p_stand
1481.0,1482.0,0.849,-0.479,0.144,p_stand
1482.0,1483.0,0.766,-0.671,0.209,p_stand
1483.0,1484.0,-0.088,-0.593,0.66,p_stand
1484.0,1485.0,-0.239,-0.28,1.01,p_stand
1485.0,1486.0,-0.148,-0.433,0.917,p_stand
1486.0,1487.0,-0.085,-0.475,0.912,p_stand
1487.0,1488.0,0.134,-0.654,0.788,p_stand
1488.0,1489.0,0.348,-0.807,0.427,p_stand
1489.0,1490.0,0.906,-0.423,0.208,p_stand
1490.0,1491.0,0.9,-0.302,0.317,p_stand
1491.0,1492.0,0.932,-0.336,0.171,p_stand
1492.0,1493.0,0.922,-0.343,0.35,p_stand
1493.0,1494.0,0.856,-0.342,0.312,p_stand
1494.0,1495.0,0.932,-0.302,0.278,p_stand
1495.0,1496.0,0.916,-0.3,0.253,p_stand
1496.0,1497.0,0.941,-0.307,0.256,p_stand
1497.0,1498.0,0.847,-0.493,0.173,p_stand
1498.0,1499.0,0.774,-0.617,0.046,p_stand
1499.0,1500.0,0.77,-0.592,0.077,p_stand
1500.0,1501.0,0.596,-0.775,0.136,p_stand
1501.0,1502.0,0.668,-0.744,0.242,p_stand
1502.0,1503.0,0.522,-0.831,0.028,p_stand
1503.0,1504.0,0.601,-0.774,0.036,p_stand
1504.0,1505.0,0.67,-0.716,0.124,p_stand
1505.0,1506.0,0.712,-0.683,0.079,p_stand
1506.0,1507.0,0.66,-0.716,0.041,p_stand
1507.0,1508.0,0.58,-0.793,0.007,p_stand
1508.0,1509.0,0.658,-0.722,0.07,p_stand
1509.0,1510.0,0.572,-0.797,-0.009,p_stand
1510.0,1511.0,0.639,-0.769,-0.042,p_stand
1511.0,1512.0,0.676,-0.706,-0.016,p_stand
1512.0,1513.0,0.627,-0.71,-0.099,p_stand
1513.0,1514.0,0.805,-0.463,0.337,p_stand
1514.0,1515.0,0.804,-0.613,0.2,p_stand
1515.0,1516.0,0.875,-0.129,0.378,p_stand
1516.0,1517.0,0.918,0.002,0.446,p_stand
1517.0,1518.0,0.973,-0.032,0.288,p_stand
1518.0,1519.0,0.873,-0.461,-0.063,p_stand
1519.0,1520.0,0.498,-0.808,0.127,p_stand
1520.0,1521.0,-0.014,-0.839,-0.409,p_stand
1521.0,1522.0,-0.01,-0.814,-0.386,p_stand
1522.0,1523.0,0.2,-0.847,0.277,p_stand
1523.0,1524.0,-0.165,-0.823,0.565,p_stand
1524.0,1525.0,0.057,-0.896,0.535,p_stand
1525.0,1526.0,0.09,-0.889,0.385,p_stand
1526.0,1527.0,0.858,-0.527,0.201,p_stand
1527.0,1528.0,0.828,-0.516,0.235,p_stand
1528.0,1529.0,0.666,-0.674,0.239,p_stand
1529.0,1530.0,0.552,-0.827,0.16,p_stand
1530.0,1531.0,0.471,-0.891,0.143,p_stand
1531.0,1532.0,0.248,-0.88,0.455,p_stand
1532.0,1533.0,0.044,-0.463,0.938,p_stand
1533.0,1534.0,0.097,-0.42,0.92,p_stand
1534.0,1535.0,0.588,-0.643,0.525,p_stand
1535.0,1536.0,0.826,-0.549,0.115,p_stand
1536.0,1537.0,0.82,-0.579,-0.003,p_stand
1537.0,1538.0,0.677,-0.57,-0.328,p_stand
1538.0,1539.0,0.5,-0.817,-0.025,p_stand
1539.0,1540.0,0.48,-0.871,0.103,p_stand
1540.0,1541.0,0.549,-0.818,0.06,p_stand
1541.0,1542.0,0.68,-0.694,0.238,p_stand
1542.0,1543.0,0.736,-0.595,0.306,p_stand
1543.0,1544.0,0.826,-0.532,0.336,p_stand
1544.0,1545.0,0.691,-0.465,0.59,p_stand
1545.0,1546.0,0.914,-0.464,0.262,p_stand
1546.0,1547.0,0.902,-0.322,0.209,p_stand
1547.0,1548.0,0.912,-0.357,0.223,p_stand
1548.0,1549.0,0.911,-0.353,0.215,p_stand
1549.0,1550.0,0.909,-0.345,0.218,p_stand
1550.0,1551.0,0.91,-0.361,0.212,p_stand
1551.0,1552.0,0.911,-0.359,0.214,p_stand
1552.0,1553.0,0.862,-0.388,0.236,p_stand
1553.0,1554.0,0.763,-0.581,0.438,p_stand
1554.0,1555.0,0.583,-0.481,0.706,p_stand
1555.0,1556.0,0.558,-0.599,0.56,p_stand
1556.0,1557.0,0.666,-0.78,0.084,p_stand
1557.0,1558.0,0.9,-0.299,0.231,p_stand
1558.0,1559.0,0.902,-0.314,0.284,p_stand
1559.0,1560.0,0.737,-0.595,0.32,p_stand
1560.0,1561.0,-0.204,-0.656,0.664,p_stand
1561.0,1562.0,-0.51,-0.344,0.798,p_stand
1562.0,1563.0,0.262,-0.568,0.586,p_stand
1563.0,1564.0,0.882,-0.41,0.265,p_stand
1564.0,1565.0,0.883,-0.402,0.24,p_stand
1565.0,1566.0,0.891,-0.401,0.234,p_stand
1566.0,1567.0,0.881,-0.411,0.249,p_stand
1567.0,1568.0,0.881,-0.394,0.267,p_stand
1568.0,1569.0,0.832,-0.422,0.42,p_stand
1569.0,1570.0,0.655,-0.45,0.706,p_stand
1570.0,1571.0,0.638,0.05,0.822,p_stand
1571.0,1572.0,0.855,-0.171,0.516,p_stand
1572.0,1573.0,0.891,-0.331,0.277,p_stand
1573.0,1574.0,0.914,-0.344,0.226,p_stand
1574.0,1575.0,0.92,-0.349,0.26,p_stand
1575.0,1576.0,0.651,-0.555,0.545,p_stand
1576.0,1577.0,0.678,-0.601,0.5,p_stand
1577.0,1578.0,0.406,-0.838,0.399,p_stand
1578.0,1579.0,0.455,-0.746,0.532,p_stand
1579.0,1580.0,-0.002,-0.782,0.674,p_stand
1580.0,1581.0,-0.014,-0.775,0.679,p_stand
1581.0,1582.0,0.192,-0.925,-0.035,p_stand
1582.0,1583.0,0.259,-0.91,-0.174,p_stand
1583.0,1584.0,0.229,-0.902,-0.212,p_stand
1584.0,1585.0,0.221,-0.881,-0.274,p_stand
1585.0,1586.0,0.206,-0.809,-0.421,p_stand
1586.0,1587.0,0.202,-0.817,-0.413,p_stand
1587.0,1588.0,0.2,-0.826,-0.41,p_stand
1588.0,1589.0,0.213,-0.815,-0.408,p_stand
1589.0,1590.0,0.197,-0.796,-0.447,p_stand
1590.0,1591.0,0.194,-0.759,-0.495,p_stand
1591.0,1592.0,0.193,-0.749,-0.508,p_stand
1592.0,1593.0,0.177,-0.824,-0.396,p_stand
1593.0,1594.0,0.176,-0.901,-0.301,p_stand
1594.0,1595.0,-0.012,-0.843,0.474,p_stand
1595.0,1596.0,0.084,-0.865,0.663,p_stand
1596.0,1597.0,0.091,-0.74,0.168,p_stand
1597.0,1598.0,-0.359,-0.873,0.133,p_stand
1598.0,1599.0,-0.344,-0.898,0.09,p_stand
1599.0,1600.0,-0.123,-0.956,0.181,p_stand
1600.0,1601.0,-0.222,-0.937,0.129,p_stand
1601.0,1602.0,-0.218,-0.911,-0.111,p_stand
1602.0,1603.0,-0.158,-0.95,0.24,p_stand
1603.0,1604.0,-0.11,-0.943,0.257,p_stand
1604.0,1605.0,0.11,-0.952,-0.103,p_stand
1605.0,1606.0,0.406,-0.859,0.303,p_stand
1606.0,1607.0,0.67,-0.744,0.231,p_stand
1607.0,1608.0,0.376,-0.856,0.264,p_stand
1608.0,1609.0,0.01,-0.965,0.224,p_stand
1609.0,1610.0,-0.12,-0.961,0.041,p_stand
1610.0,1611.0,-0.125,-0.954,0.009,p_stand
1611.0,1612.0,-0.025,-0.968,-0.046,p_stand
1612.0,1613.0,-0.018,-0.968,-0.044,p_stand
1613.0,1614.0,0.025,-0.948,-0.124,p_stand
1614.0,1615.0,0.031,-0.966,-0.045,p_stand
1615.0,1616.0,0.041,-0.959,-0.04,p_stand
1616.0,1617.0,0.05,-0.972,0.018,p_stand
1617.0,1618.0,0.412,-0.706,0.474,p_stand
1618.0,1619.0,0.817,-0.474,0.453,p_stand
1619.0,1620.0,0.691,-0.593,0.428,p_stand
1620.0,1621.0,0.586,-0.649,0.527,p_stand
1621.0,1622.0,0.739,-0.418,0.596,p_stand
1622.0,1623.0,0.804,-0.237,0.534,p_stand
1623.0,1624.0,0.884,-0.243,0.315,p_stand
1624.0,1625.0,0.809,-0.669,0.127,p_stand
1625.0,1626.0,0.168,-0.829,0.344,p_stand
1626.0,1627.0,-0.059,-0.893,0.437,p_stand
1627.0,1628.0,0.171,-0.84,-0.221,p_stand
1628.0,1629.0,0.793,-0.655,0.198,p_stand
1629.0,1630.0,0.304,-0.829,0.304,p_stand
1630.0,1631.0,-0.115,-0.825,0.534,p_stand
1631.0,1632.0,-0.127,-0.784,0.521,p_stand
1632.0,1633.0,0.278,-0.899,0.134,p_stand
1633.0,1634.0,0.641,-0.766,0.123,p_stand
1634.0,1635.0,0.549,-0.648,0.547,p_stand
1635.0,1636.0,0.602,-0.544,0.643,p_stand
1636.0,1637.0,0.574,-0.642,0.568,p_stand
1637.0,1638.0,0.562,-0.657,0.548,p_stand
1638.0,1639.0,0.577,-0.63,0.584,p_stand
1639.0,1640.0,0.606,-0.52,0.66,p_stand
1640.0,1641.0,0.616,-0.481,0.682,p_stand
1641.0,1642.0,0.598,-0.654,0.505,p_stand
1642.0,1643.0,0.407,-0.898,0.175,p_stand
1643.0,1644.0,0.244,-0.881,0.395,p_stand
1644.0,1645.0,0.057,-0.777,0.646,p_stand
1645.0,1646.0,-0.075,-0.757,0.671,p_stand
1646.0,1647.0,-0.037,-0.963,0.204,p_stand
1647.0,1648.0,-0.112,-0.932,0.271,p_stand
1648.0,1649.0,-0.11,-0.957,-0.003,p_stand
1649.0,1650.0,-0.042,-0.97,0.086,p_stand
1650.0,1651.0,-0.02,-0.966,0.196,p_stand
1651.0,1652.0,-0.083,-0.962,0.083,p_stand
1652.0,1653.0,-0.067,-0.974,0.106,p_stand
1653.0,1654.0,-0.021,-0.958,0.24,p_stand
1654.0,1655.0,-0.075,-0.972,0.083,p_stand
1655.0,1656.0,-0.169,-0.965,0.242,p_stand
1656.0,1657.0,-0.037,-0.612,0.752,p_stand
1657.0,1658.0,0.112,-0.344,0.995,p_stand
1658.0,1659.0,0.096,-0.416,0.954,p_stand
1659.0,1660.0,-0.036,-0.557,0.922,p_stand
1660.0,1661.0,-0.011,-0.493,0.941,p_stand
1661.0,1662.0,0.011,-0.379,0.976,p_stand
1662.0,1663.0,0.16,-0.159,1.055,p_stand
1663.0,1664.0,0.107,-0.132,1.057,p_stand
1664.0,1665.0,-0.008,-0.537,0.906,p_stand
1665.0,1666.0,0.014,-0.544,0.872,p_stand
1666.0,1667.0,0.38,-0.827,0.177,p_stand
1667.0,1668.0,0.447,-0.852,0.152,p_stand
1668.0,1669.0,0.265,-0.951,-0.037,p_stand
1669.0,1670.0,0.108,-0.94,0.343,p_stand
1670.0,1671.0,-0.7,-0.358,0.546,p_stand
1671.0,1672.0,-0.835,-0.195,0.484,p_stand
1672.0,1673.0,-0.867,-0.194,0.396,p_stand
1673.0,1674.0,-0.868,-0.264,0.38,p_stand
1674.0,1675.0,-0.856,-0.316,0.34,p_stand
1675.0,1676.0,-0.842,-0.38,0.32,p_stand
1676.0,1677.0,-0.719,-0.578,0.367,p_stand
1677.0,1678.0,-0.828,-0.254,0.4,p_stand
1678.0,1679.0,-0.859,-0.066,0.399,p_stand
1679.0,1680.0,-0.755,-0.294,0.359,p_stand
1680.0,1681.0,0.366,-0.86,0.37,p_stand
1681.0,1682.0,0.569,-0.795,0.196,p_stand
1682.0,1683.0,0.562,-0.801,0.173,p_stand
1683.0,1684.0,0.605,-0.773,0.136,p_stand
1684.0,1685.0,0.612,-0.774,0.159,p_stand
1685.0,1686.0,0.604,-0.773,0.171,p_stand
1686.0,1687.0,0.626,-0.751,0.195,p_stand
1687.0,1688.0,0.646,-0.737,0.164,p_stand
1688.0,1689.0,0.657,-0.72,0.131,p_stand
1689.0,1690.0,0.663,-0.719,0.099,p_stand
1690.0,1691.0,0.691,-0.701,0.123,p_stand
1691.0,1692.0,0.699,-0.694,0.159,p_stand
1692.0,1693.0,0.691,-0.696,-0.058,p_stand
1693.0,1694.0,0.667,-0.699,-0.088,p_stand
1694.0,1695.0,0.594,-0.791,0.002,p_stand
1695.0,1696.0,0.432,-0.782,0.449,p_stand
1696.0,1697.0,0.578,-0.728,0.435,p_stand
1697.0,1698.0,0.528,-0.752,0.442,p_stand
1698.0,1699.0,0.502,-0.712,0.527,p_stand
1699.0,1700.0,0.34,-0.741,0.473,p_stand
1700.0,1701.0,0.745,-0.707,0.117,p_stand
1701.0,1702.0,0.801,-0.686,0.059,p_stand
1702.0,1703.0,0.349,-0.733,0.377,p_stand
1703.0,1704.0,0.009,-0.911,0.459,p_stand
1704.0,1705.0,0.036,-0.873,0.468,p_stand
1705.0,1706.0,0.0,-0.914,0.458,p_stand
1706.0,1707.0,-0.091,-0.89,0.457,p_stand
1707.0,1708.0,-0.038,-0.923,0.413,p_stand
1708.0,1709.0,-0.032,-0.922,0.413,p_stand
1709.0,1710.0,-0.027,-0.916,0.418,p_stand
1710.0,1711.0,0.162,-0.938,0.098,p_stand
1711.0,1712.0,0.473,-0.852,0.151,p_stand
1712.0,1713.0,0.698,-0.625,-0.033,p_stand
1713.0,1714.0,0.87,-0.413,0.196,p_stand
1714.0,1715.0,0.777,-0.479,0.413,p_stand
1715.0,1716.0,0.779,-0.476,0.412,p_stand
1716.0,1717.0,0.883,-0.423,0.127,p_stand
1717.0,1718.0,0.77,-0.586,0.163,p_stand
1718.0,1719.0,0.794,-0.516,0.316,p_stand
1719.0,1720.0,0.766,-0.645,0.298,p_stand
1720.0,1721.0,0.591,-0.634,0.336,p_stand
1721.0,1722.0,0.615,-0.758,0.281,p_stand
1722.0,1723.0,0.412,-0.877,0.341,p_stand
1723.0,1724.0,-0.013,-0.954,0.29,p_stand
1724.0,1725.0,-0.206,-1.001,0.276,p_stand
1725.0,1726.0,0.11,-0.519,0.858,p_stand
1726.0,1727.0,0.386,-0.482,0.859,p_stand
1727.0,1728.0,0.557,-0.506,0.735,p_stand
1728.0,1729.0,0.515,-0.697,0.285,p_stand
1729.0,1730.0,0.852,-0.421,0.18,p_stand
1730.0,1731.0,0.848,-0.483,0.292,p_stand
1731.0,1732.0,0.878,-0.462,0.215,p_stand
1732.0,1733.0,0.837,-0.454,0.246,p_stand
1733.0,1734.0,0.95,-0.328,0.093,p_stand
1734.0,1735.0,0.91,-0.289,0.27,p_stand
1735.0,1736.0,0.881,-0.356,0.311,p_stand
1736.0,1737.0,0.861,-0.372,0.289,p_stand
1737.0,1738.0,0.965,-0.239,-0.112,p_stand
1738.0,1739.0,1.01,-0.293,0.064,p_stand
1739.0,1740.0,0.98,-0.176,0.037,p_stand
1740.0,1741.0,0.938,-0.095,0.253,p_stand
1741.0,1742.0,0.801,-0.32,0.443,p_stand
1742.0,1743.0,0.959,-0.239,0.007,p_stand
1743.0,1744.0,0.926,-0.319,0.328,p_stand
1744.0,1745.0,0.473,-0.332,0.825,p_stand
1745.0,1746.0,0.508,-0.553,0.61,p_stand
1746.0,1747.0,0.867,-0.6,0.285,p_stand
1747.0,1748.0,0.71,-0.66,0.199,p_stand
1748.0,1749.0,0.835,-0.525,-0.054,p_stand
1749.0,1750.0,0.802,-0.579,-0.142,p_stand
1750.0,1751.0,0.782,-0.552,-0.079,p_stand
1751.0,1752.0,0.806,-0.564,0.083,p_stand
1752.0,1753.0,0.792,-0.563,0.107,p_stand
1753.0,1754.0,0.78,-0.588,0.12,p_stand
1754.0,1755.0,,,,p_stand
1755.0,1756.0,0.792,-0.551,0.23,p_stand
1756.0,1757.0,0.808,-0.551,0.043,p_stand
1757.0,1758.0,0.793,-0.587,0.03,p_stand
1758.0,1759.0,0.816,-0.54,0.013,p_stand
1759.0,1760.0,0.87,-0.455,-0.007,p_stand
1760.0,1761.0,0.862,-0.51,0.008,p_stand
1761.0,1762.0,,,,p_stand
1762.0,1763.0,,,,p_stand
1763.0,1764.0,,,,p_stand
1764.0,1765.0,0.662,-0.7,0.15,p_stand
1765.0,1766.0,0.67,-0.71,0.191,p_stand
1766.0,1767.0,0.756,-0.6,-0.005,p_stand
1767.0,1768.0,0.79,-0.574,0.247,p_stand
1768.0,1769.0,0.735,-0.644,0.05,p_stand
1769.0,1770.0,,,,p_stand
1770.0,1771.0,0.752,-0.649,-0.048,p_stand
1771.0,1772.0,,,,p_stand
1772.0,1773.0,0.765,-0.587,0.255,p_stand
1773.0,1774.0,0.852,-0.486,0.064,p_stand
1774.0,1775.0,0.849,-0.485,0.244,p_stand
1775.0,1776.0,0.366,-0.438,0.848,p_stand
1776.0,1777.0,0.461,-0.473,0.825,p_stand
1777.0,1778.0,0.422,-0.49,0.818,p_stand
1778.0,1779.0,0.397,-0.449,0.801,p_stand
1779.0,1780.0,0.852,-0.446,0.402,p_stand
1780.0,1781.0,0.898,-0.193,0.459,p_stand
1781.0,1782.0,0.861,-0.276,0.453,p_stand
1782.0,1783.0,0.776,-0.243,0.558,p_stand
1783.0,1784.0,0.946,-0.11,0.294,p_stand
1784.0,1785.0,0.916,-0.311,0.188,p_stand
1785.0,1786.0,0.913,-0.32,0.302,p_stand
1786.0,1787.0,,,,p_stand
1787.0,1788.0,0.923,-0.126,0.384,p_stand
1788.0,1789.0,0.974,0.094,0.307,p_stand
1789.0,1790.0,0.838,-0.508,0.262,p_stand
1790.0,1791.0,0.862,-0.504,0.045,p_stand
1791.0,1792.0,0.803,-0.561,-0.059,p_stand
1792.0,1793.0,0.736,-0.64,0.007,p_stand
1793.0,1794.0,0.65,-0.677,0.339,p_stand
1794.0,1795.0,0.698,-0.674,0.237,p_stand
1795.0,1796.0,0.816,-0.556,0.092,p_stand
1796.0,1797.0,0.837,-0.462,0.29,p_stand
1797.0,1798.0,0.841,-0.46,0.208,p_stand
1798.0,1799.0,0.79,-0.598,0.068,p_stand
1799.0,1800.0,0.779,-0.593,0.091,p_stand
1800.0,1801.0,0.694,-0.683,0.092,p_stand
1801.0,1802.0,0.737,-0.7,-0.114,p_stand
1802.0,1803.0,0.127,-0.749,-0.278,p_stand
1803.0,1804.0,-0.349,-0.43,-0.413,p_stand
1804.0,1805.0,0.528,-0.768,-0.28,p_stand
1805.0,1806.0,0.808,-0.448,0.012,p_stand
1806.0,1807.0,1.301,-0.56,-0.243,p_stand
1807.0,1808.0,0.614,-0.614,-0.362,p_stand
1808.0,1809.0,0.048,-0.899,0.211,p_stand
1809.0,1810.0,-0.321,-0.803,0.447,p_stand
1810.0,1811.0,-0.104,-0.891,0.199,p_stand
1811.0,1812.0,0.327,-0.879,0.367,p_stand
1812.0,1813.0,0.164,-0.874,0.451,p_stand
1813.0,1814.0,0.004,-0.987,0.429,p_stand
1814.0,1815.0,-0.007,-0.81,0.433,p_stand
1815.0,1816.0,0.861,-0.538,0.206,p_stand
1816.0,1817.0,0.761,-0.623,0.124,p_stand
1817.0,1818.0,0.56,-0.793,0.251,p_stand
1818.0,1819.0,0.552,-0.811,0.16,p_stand
1819.0,1820.0,0.866,-0.504,0.022,p_stand
1820.0,1821.0,0.909,-0.345,0.248,p_stand
1821.0,1822.0,0.957,-0.414,0.158,p_stand
1822.0,1823.0,0.884,-0.294,0.203,p_stand
1823.0,1824.0,0.963,-0.307,0.197,p_stand
1824.0,1825.0,0.912,-0.252,0.105,p_stand
1825.0,1826.0,0.956,-0.315,0.184,p_stand
1826.0,1827.0,0.939,-0.23,0.129,p_stand
1827.0,1828.0,0.965,-0.215,0.023,p_stand
1828.0,1829.0,1.001,-0.195,0.085,p_stand
1829.0,1830.0,0.227,-0.878,0.276,p_stand
1830.0,1831.0,-0.184,-0.915,0.386,p_stand
1831.0,1832.0,-0.01,-0.943,0.269,p_stand
1832.0,1833.0,0.128,-0.96,0.075,p_stand
1833.0,1834.0,0.168,-0.958,-0.044,p_stand
1834.0,1835.0,0.164,-0.955,-0.036,p_stand
1835.0,1836.0,0.168,-0.955,-0.042,p_stand
1836.0,1837.0,0.175,-0.953,-0.051,p_stand
1837.0,1838.0,0.182,-0.953,-0.058,p_stand
