start,end,Kitchen_AP,Lounge_AP,Upstairs_AP,Study_AP
7.0,8.0,-91.6,,-83.5,-83.0
8.0,9.0,-91.8,,-80.0,-83.0
9.0,10.0,-91.2,,-80.0,-83.4
10.0,11.0,-91.6,,-80.2,-83.4
11.0,12.0,-89.0,,-82.6,-81.2
12.0,13.0,-86.6,,-86.8,-82.6
13.0,14.0,-85.0,,-86.6,-82.2
14.0,15.0,-85.0,,-86.75,-82.0
15.0,16.0,,,-87.8,-83.2
16.0,17.0,-85.75,,-87.2,-79.8
17.0,18.0,-87.33,,-84.5,-79.2
18.0,19.0,-83.2,,-79.8,-74.6
19.0,20.0,-82.2,,-81.6,-71.8
20.0,21.0,-86.8,,-81.4,-79.8
21.0,22.0,-86.2,,-75.0,-84.6
22.0,23.0,-70.6,,-76.0,-83.6
23.0,24.0,-76.8,,-87.4,-96.0
24.0,25.0,-83.4,,-83.75,-94.25
25.0,26.0,-93.25,,-87.2,-93.6
26.0,27.0,,,-96.5,-91.2
27.0,28.0,-97.5,,-101.5,-94.5
28.0,29.0,-95.6,,-86.6,-93.0
29.0,30.0,-98.0,,-92.2,-89.6
30.0,31.0,-96.0,,-92.5,-89.25
31.0,32.0,-100.5,,-97.5,-96.5
32.0,33.0,,,-92.67,-94.67
33.0,34.0,-95.0,,-96.0,-95.67
34.0,35.0,,,-103.5,-90.2
35.0,36.0,,,,-90.2
36.0,37.0,,,,-84.2
37.0,38.0,,,,-82.8
38.0,39.0,,,,-82.8
39.0,40.0,,,,-90.8
40.0,41.0,,,,-89.4
41.0,42.0,,,,-96.0
42.0,43.0,,,-98.0,-90.5
43.0,44.0,,,,-81.0
44.0,45.0,,,,-80.8
45.0,46.0,,,-101.0,-85.4
46.0,47.0,,,,-93.4
47.0,48.0,-100.5,,-95.0,-91.95
48.0,49.0,-98.67,,-98.0,-87.1
49.0,50.0,,,-95.85,-83.8
50.0,51.0,,,,-92.3
51.0,52.0,,,,-93.19
52.0,53.0,,,,-92.6
53.0,54.0,,,,-90.5
54.0,55.0,,,-100.67,-92.25
55.0,56.0,,,,-88.85
56.0,57.0,,,,-92.62
57.0,58.0,,,-95.0,-98.0
58.0,59.0,,,,-90.31
59.0,60.0,,,-95.0,-88.75
60.0,61.0,,,,-91.25
61.0,62.0,,,,-88.75
62.0,63.0,,,,-84.85
63.0,64.0,-102.0,,,-88.15
64.0,65.0,,,,-86.3
65.0,66.0,,,,-87.3
66.0,67.0,,,,-88.25
67.0,68.0,,,,-86.25
68.0,69.0,,,,-80.0
69.0,70.0,,,,-79.6
70.0,71.0,,,,-86.75
71.0,72.0,,,,-92.95
72.0,73.0,,,,-86.85
73.0,74.0,,,,-87.4
74.0,75.0,,,,-90.75
75.0,76.0,,,,-94.1
76.0,77.0,,,,-93.1
77.0,78.0,,,,-89.15
78.0,79.0,,,,-90.45
79.0,80.0,,,,-90.0
80.0,81.0,,,,-88.95
81.0,82.0,,,,-89.05
82.0,83.0,,,,-92.59
83.0,84.0,,,,-85.58
84.0,85.0,,,,-87.2
85.0,86.0,,,,-93.31
86.0,87.0,-91.0,,-96.73,-95.9
87.0,88.0,-91.94,,-93.75,-87.75
88.0,89.0,-95.0,,-95.22,-84.75
89.0,90.0,-94.06,,-99.0,-84.45
90.0,91.0,-94.55,,,-84.6
91.0,92.0,-94.08,,,-84.95
92.0,93.0,-94.0,,-96.18,-87.95
93.0,94.0,,,-98.0,-91.0
94.0,95.0,,,,-94.44
95.0,96.0,,,,-95.0
96.0,97.0,,,,-96.55
97.0,98.0,,,,-95.85
98.0,99.0,-95.6,,-99.0,-96.18
99.0,100.0,-97.83,,-95.0,-93.33
100.0,101.0,-98.7,,-93.67,-84.8
101.0,102.0,-100.88,,-95.8,-87.3
102.0,103.0,-101.5,,-93.0,-86.7
103.0,104.0,-101.8,,-93.33,-85.5
104.0,105.0,-97.0,,-100.0,-91.38
105.0,106.0,,,,-92.5
106.0,107.0,,,,-96.0
107.0,108.0,,,,-103.67
108.0,109.0,,,,-102.67
109.0,110.0,,,,-93.0
110.0,111.0,,,,-90.6
111.0,112.0,,,,-89.3
112.0,113.0,-100.0,,,-90.6
113.0,114.0,,,,-89.5
114.0,115.0,,,-101.0,-87.8
115.0,116.0,-102.0,,,-85.7
116.0,117.0,,,-103.0,-85.6
117.0,118.0,-102.0,,,-84.2
118.0,119.0,,,,-78.6
119.0,120.0,,,,-78.0
120.0,121.0,-98.0,,,-83.2
121.0,122.0,,,,-86.5
122.0,123.0,,,,-90.0
123.0,124.0,,,,-88.3
124.0,125.0,,,,-88.2
125.0,126.0,,,,-92.9
126.0,127.0,,,,-87.3
127.0,128.0,,,,-89.5
128.0,129.0,,,,-94.4
129.0,130.0,,,,-89.9
130.0,131.0,,,,-86.6
131.0,132.0,,,,-85.9
132.0,133.0,,,,-85.6
133.0,134.0,,,,-93.67
134.0,135.0,,,,-89.78
135.0,136.0,,,,-90.6
136.0,137.0,,,,-90.1
137.0,138.0,,,,-91.67
138.0,139.0,-103.33,,-90.0,-95.89
139.0,140.0,-100.0,,-93.4,-83.8
140.0,141.0,,,-93.38,-82.8
141.0,142.0,,,-92.8,-82.6
142.0,143.0,,,-92.56,-84.1
143.0,144.0,-91.0,,-95.0,-86.0
144.0,145.0,-103.0,,-101.0,-89.0
145.0,146.0,-104.0,,,-86.0
146.0,147.0,,,,-86.0
147.0,148.0,,,,-86.0
148.0,149.0,,,,-86.0
149.0,150.0,-101.0,,-100.0,-90.5
150.0,151.0,-99.78,,-99.4,-92.73
151.0,152.0,-96.44,,-100.09,-86.1
152.0,153.0,-99.91,,-100.0,-85.85
153.0,154.0,-100.11,,,-86.2
154.0,155.0,-101.08,,,-85.7
155.0,156.0,-101.64,,-100.0,-87.65
156.0,157.0,,,,-94.5
157.0,158.0,,,,-90.85
158.0,159.0,,,,-87.8
159.0,160.0,,,,-88.85
160.0,161.0,,,,-88.55
161.0,162.0,,,,-89.44
162.0,163.0,,,,-85.7
163.0,164.0,,,,-88.65
164.0,165.0,,,,-86.15
165.0,166.0,,,,-86.65
166.0,167.0,,,-101.0,-85.95
167.0,168.0,,,,-93.0
168.0,169.0,,,,-91.95
169.0,170.0,,,,-92.85
170.0,171.0,,,,-90.2
171.0,172.0,,,,-87.0
172.0,173.0,,,,-88.2
173.0,174.0,,,,-89.55
174.0,175.0,,,,-88.95
175.0,176.0,,,,-90.1
176.0,177.0,,,,-89.0
177.0,178.0,,,,-86.0
178.0,179.0,,,,-87.0
179.0,180.0,,,,-89.5
180.0,181.0,,,,-88.3
181.0,182.0,,,,-88.9
182.0,183.0,,,,-90.1
183.0,184.0,,,,-89.6
184.0,185.0,,,-99.0,-86.25
185.0,186.0,,,-98.25,-88.85
186.0,187.0,,,-96.75,-99.58
187.0,188.0,-101.0,,-95.7,-98.75
188.0,189.0,-101.0,,-95.5,-98.31
189.0,190.0,-101.0,,-97.86,-97.85
190.0,191.0,-100.0,,-98.0,-92.5
191.0,192.0,-98.29,,-96.95,-85.15
192.0,193.0,,,-95.53,-82.85
193.0,194.0,,,-95.82,-82.8
194.0,195.0,,,-95.75,-82.6
195.0,196.0,,,-95.75,-82.35
196.0,197.0,-90.0,,-95.29,-89.25
197.0,198.0,,,,-91.25
198.0,199.0,,,,-89.55
199.0,200.0,,,,-90.25
200.0,201.0,,,,-90.15
201.0,202.0,,,,-90.0
202.0,203.0,,,,-90.21
203.0,204.0,-95.67,,-98.0,-94.4
204.0,205.0,-93.0,,-96.25,-86.0
205.0,206.0,-100.0,,,-84.6
206.0,207.0,-99.0,,-91.5,-84.2
207.0,208.0,-99.4,,-91.5,-84.8
208.0,209.0,-100.0,,,-84.8
209.0,210.0,-102.0,,-99.5,-89.6
210.0,211.0,,,,-97.75
211.0,212.0,,,-103.0,-94.0
212.0,213.0,,,,-93.6
213.0,214.0,,,,-93.6
214.0,215.0,,,,-93.4
215.0,216.0,,,,-93.8
216.0,217.0,,,,-87.8
217.0,218.0,,,,-87.4
218.0,219.0,,,,-88.4
219.0,220.0,,,,-87.6
220.0,221.0,,,,-86.4
221.0,222.0,,,-102.0,-85.8
222.0,223.0,,,,-78.0
223.0,224.0,,,,-78.0
224.0,225.0,,,,-78.0
225.0,226.0,,,,-82.4
226.0,227.0,,,,-84.4
227.0,228.0,,,,-85.6
228.0,229.0,,,,-86.0
229.0,230.0,,,-105.0,-89.26
230.0,231.0,,,,-92.6
231.0,232.0,,,,-90.8
232.0,233.0,,,,-90.0
233.0,234.0,,,,-88.4
234.0,235.0,,,,-88.8
235.0,236.0,,,,-85.6
236.0,237.0,,,,-88.6
237.0,238.0,,,,-84.6
238.0,239.0,,,,-85.8
239.0,240.0,,,,-85.5
240.0,241.0,,,,-90.8
241.0,242.0,,,,-84.8
242.0,243.0,,,,-86.0
243.0,244.0,-101.0,,-102.0,-97.8
244.0,245.0,-102.0,,-102.0,-93.0
245.0,246.0,-94.8,,-92.6,-82.0
246.0,247.0,-102.0,,-94.0,-84.0
247.0,248.0,,,-95.0,-84.25
248.0,249.0,,,-97.8,-84.8
249.0,250.0,-94.0,,-96.5,-90.0
250.0,251.0,,,-103.0,-87.0
251.0,252.0,,,,-84.8
252.0,253.0,,,,-85.0
253.0,254.0,,,,-84.6
254.0,255.0,,,,-85.2
255.0,256.0,-101.0,,-100.0,-88.82
256.0,257.0,-98.88,,-95.29,-95.64
257.0,258.0,-98.0,,-93.0,-84.9
258.0,259.0,,,-100.0,-82.35
259.0,260.0,,,-95.36,-83.0
260.0,261.0,,,-99.92,-82.45
261.0,262.0,,,,-82.85
262.0,263.0,,,-96.0,-91.82
263.0,264.0,,,,-95.87
264.0,265.0,,,,-91.2
265.0,266.0,,,-97.36,-85.6
266.0,267.0,,,-95.67,-85.6
267.0,268.0,,,-98.5,-85.5
268.0,269.0,,,,-87.4
269.0,270.0,,,,-86.35
270.0,271.0,,,,-87.35
271.0,272.0,,,,-88.82
272.0,273.0,,,,-88.95
273.0,274.0,,,-101.0,-85.95
274.0,275.0,,,,-80.8
275.0,276.0,,,,-79.75
276.0,277.0,,,,-79.5
277.0,278.0,,,,-85.65
278.0,279.0,,,,-86.85
279.0,280.0,,,,-91.1
280.0,281.0,,,,-89.81
281.0,282.0,,,,-90.95
282.0,283.0,,,,-99.2
283.0,284.0,,,,-95.31
284.0,285.0,,,,-93.0
285.0,286.0,,,,-95.45
286.0,287.0,-103.0,,,-88.81
287.0,288.0,-103.0,,,-87.4
288.0,289.0,,,,-83.55
289.0,290.0,,,,-83.25
290.0,291.0,,,,-83.85
291.0,292.0,,,,-91.42
292.0,293.0,,,-103.0,-96.15
293.0,294.0,,,,-95.89
294.0,295.0,,,,-94.7
295.0,296.0,,,,-93.05
296.0,297.0,,,,-95.44
297.0,298.0,-95.73,,-93.64,-89.79
298.0,299.0,-92.23,,-94.85,-81.25
299.0,300.0,-101.0,,-93.88,-82.88
300.0,301.0,-101.47,,-95.0,-82.4
301.0,302.0,-101.87,,-93.1,-83.15
302.0,303.0,-102.4,,-93.6,-83.45
303.0,304.0,-102.0,,-95.25,-84.6
304.0,305.0,-94.33,,-99.67,-87.1
305.0,306.0,-103.0,,-100.56,-96.45
306.0,307.0,-103.0,,,-91.8
307.0,308.0,,,,-91.79
308.0,309.0,,,,-91.7
309.0,310.0,,,,-91.5
310.0,311.0,,,,-91.4
311.0,312.0,-97.4,,-102.67,-94.0
312.0,313.0,-94.33,,-92.67,-87.5
313.0,314.0,,,-97.33,-81.8
314.0,315.0,,,-100.25,-81.2
315.0,316.0,,,-98.12,-81.2
316.0,317.0,,,-98.83,-80.6
317.0,318.0,,,-96.67,-81.0
318.0,319.0,-104.0,,-101.0,-85.5
319.0,320.0,,,-101.0,-97.5
320.0,321.0,,,-97.0,-95.38
321.0,322.0,-104.0,,-96.14,-89.1
322.0,323.0,,,-98.86,-89.9
323.0,324.0,,,-96.5,-87.6
324.0,325.0,,,-97.86,-89.3
325.0,326.0,-101.0,,,-87.7
326.0,327.0,,,,-87.4
327.0,328.0,,,,-87.1
328.0,329.0,,,,-89.8
329.0,330.0,,,-101.0,-86.9
330.0,331.0,,,,-83.6
331.0,332.0,,,-102.0,-82.4
332.0,333.0,-98.0,,-97.4,-82.75
333.0,334.0,-99.0,,-94.83,-96.1
334.0,335.0,-92.33,,-86.2,-92.2
335.0,336.0,-94.6,,-82.8,-90.75
336.0,337.0,-78.8,,-84.0,-96.22
337.0,338.0,-88.5,,-92.8,-96.22
338.0,339.0,-78.4,,-84.8,-90.9
339.0,340.0,-75.5,,-70.1,-80.7
340.0,341.0,-69.6,,-70.8,-83.8
341.0,342.0,-68.9,,-74.8,-92.38
342.0,343.0,-72.5,,-80.2,-90.7
343.0,344.0,-68.8,,-87.22,-86.0
344.0,345.0,-64.8,,-101.0,-97.0
345.0,346.0,-64.2,,-91.0,-96.6
346.0,347.0,-66.7,,,-99.89
347.0,348.0,-70.4,,,-101.0
348.0,349.0,-72.5,,,
349.0,350.0,-72.0,,,
350.0,351.0,-70.75,,,
351.0,352.0,-69.2,,,
352.0,353.0,-69.0,,,
353.0,354.0,-69.0,,,
354.0,355.0,-71.2,,,
355.0,356.0,-71.6,,,
356.0,357.0,-70.7,,,
357.0,358.0,-73.0,,,
358.0,359.0,-63.0,,-99.0,
359.0,360.0,-59.89,,-99.0,
360.0,361.0,-66.5,,,
361.0,362.0,-71.8,,-95.0,
362.0,363.0,-69.4,,-95.0,-101.0
363.0,364.0,-67.3,,,-101.5
364.0,365.0,-61.75,,-98.5,-98.0
365.0,366.0,-65.95,,,-95.75
366.0,367.0,-70.85,,,-97.73
367.0,368.0,-71.8,,,
368.0,369.0,-72.3,,,
369.0,370.0,-72.95,,,-105.0
370.0,371.0,-71.95,,,
371.0,372.0,-72.5,,,
372.0,373.0,-72.6,,,
373.0,374.0,-69.75,,,
374.0,375.0,-69.8,,,-97.0
375.0,376.0,-67.95,,,
376.0,377.0,-71.05,,,-105.0
377.0,378.0,-72.6,,,-102.0
378.0,379.0,-72.4,,,
379.0,380.0,-71.8,,,
380.0,381.0,-74.85,,,
381.0,382.0,-73.35,,,
382.0,383.0,-74.3,,,
383.0,384.0,-73.65,,,
384.0,385.0,-74.1,,,
385.0,386.0,-71.95,,,
386.0,387.0,-74.15,,,
387.0,388.0,-77.95,,,
388.0,389.0,-73.35,,,
389.0,390.0,-72.2,,,
390.0,391.0,-66.7,,,
391.0,392.0,-68.65,,,
392.0,393.0,-72.1,,,
393.0,394.0,-73.95,,,
394.0,395.0,-79.25,,,
395.0,396.0,-72.95,,,
396.0,397.0,-69.35,,,
397.0,398.0,-70.5,,,
398.0,399.0,-71.9,,,
399.0,400.0,-74.4,,,
400.0,401.0,-72.55,,,
401.0,402.0,-69.38,,,
402.0,403.0,-70.6,,,
403.0,404.0,-70.65,,,
404.0,405.0,-73.15,,,
405.0,406.0,-71.2,,,
406.0,407.0,-70.25,,,
407.0,408.0,-71.0,,,
408.0,409.0,-70.75,,,
409.0,410.0,-73.1,,,
410.0,411.0,-74.05,,,
411.0,412.0,-71.95,,,
412.0,413.0,-71.16,,,
413.0,414.0,-70.2,,,
414.0,415.0,-68.6,,,
415.0,416.0,-71.6,,,
416.0,417.0,-74.0,,,
417.0,418.0,-73.0,,,
418.0,419.0,-70.8,,,
419.0,420.0,-59.8,,,-102.0
420.0,421.0,-57.0,,,
421.0,422.0,-59.0,,,
422.0,423.0,-59.4,,,
423.0,424.0,-60.6,,,
424.0,425.0,-62.4,,,
425.0,426.0,-62.2,,,
426.0,427.0,-68.0,,,
427.0,428.0,-70.0,,-100.0,-100.0
428.0,429.0,-71.4,,,
429.0,430.0,-75.2,,,
430.0,431.0,-69.4,,,
431.0,432.0,-78.75,,,
432.0,433.0,-76.2,,,
433.0,434.0,-73.2,,,
434.0,435.0,-69.6,,,
435.0,436.0,-73.4,,,
436.0,437.0,-74.4,,,-105.0
437.0,438.0,-73.6,,,
438.0,439.0,-71.53,,,
439.0,440.0,-72.2,,,
440.0,441.0,-73.2,,,
441.0,442.0,-72.2,,,
442.0,443.0,-76.8,,,-104.5
443.0,444.0,-72.4,,,-101.0
444.0,445.0,-71.6,,,-95.4
445.0,446.0,-76.6,,,-90.75
446.0,447.0,-80.0,,,-95.25
447.0,448.0,-81.8,,,
448.0,449.0,-77.2,,,
449.0,450.0,-76.2,,,
450.0,451.0,-73.6,,,
451.0,452.0,-73.2,,,
452.0,453.0,-75.5,,,
453.0,454.0,-75.0,,,
454.0,455.0,-74.25,,,
455.0,456.0,-72.2,,,
456.0,457.0,-70.4,,,
457.0,458.0,-71.4,,,
458.0,459.0,-70.4,,,
459.0,460.0,-71.6,,,-102.0
460.0,461.0,-65.0,,,
461.0,462.0,-62.6,,,
462.0,463.0,-67.2,,,
463.0,464.0,-62.15,,,
464.0,465.0,-57.1,,,
465.0,466.0,-59.85,,,-99.09
466.0,467.0,-67.4,,,-97.06
467.0,468.0,-69.45,,,-99.22
468.0,469.0,-66.6,,,
469.0,470.0,-68.05,,,
470.0,471.0,-71.8,,,
471.0,472.0,-71.0,,,
472.0,473.0,-71.9,,,
473.0,474.0,-71.6,,,
474.0,475.0,-70.8,,,
475.0,476.0,-70.55,,,
476.0,477.0,-69.55,,,
477.0,478.0,-71.6,,,
478.0,479.0,-71.3,,,
479.0,480.0,-72.55,,,
480.0,481.0,-71.6,,,
481.0,482.0,-72.85,,,
482.0,483.0,-72.0,,,
483.0,484.0,-73.55,,,
484.0,485.0,-71.35,,,
485.0,486.0,-72.25,,,
486.0,487.0,-72.2,,,-105.0
487.0,488.0,-70.7,,,
488.0,489.0,-70.55,,,
489.0,490.0,-70.75,,,
490.0,491.0,-75.15,,,
491.0,492.0,-73.2,,,
492.0,493.0,-71.3,,,
493.0,494.0,-69.85,,,
494.0,495.0,-70.42,,,
495.0,496.0,-70.95,,,
496.0,497.0,-70.85,,,
497.0,498.0,-69.85,,,
498.0,499.0,-70.55,,,
499.0,500.0,-72.6,,,
500.0,501.0,-72.55,,,
501.0,502.0,-73.53,,,
502.0,503.0,-72.75,,,
503.0,504.0,-75.1,,,
504.0,505.0,-75.56,,,
505.0,506.0,-76.2,,,
506.0,507.0,-71.55,,,
507.0,508.0,-71.7,,,
508.0,509.0,-71.85,,,
509.0,510.0,-70.7,,,
510.0,511.0,-74.05,,,
511.0,512.0,-73.35,,,
512.0,513.0,-74.95,,,
513.0,514.0,-72.6,,,
514.0,515.0,-72.65,,,
515.0,516.0,-73.95,,,
516.0,517.0,-73.2,,,
517.0,518.0,-73.5,,,
518.0,519.0,-73.2,,,
519.0,520.0,-74.6,,,
520.0,521.0,-75.9,,,
521.0,522.0,-73.0,,,
522.0,523.0,-75.4,,,
523.0,524.0,-70.3,,,
524.0,525.0,-71.3,,,
525.0,526.0,-72.5,,,
526.0,527.0,-71.1,,,
527.0,528.0,-71.2,,,
528.0,529.0,-70.2,,,
529.0,530.0,-73.2,,,
530.0,531.0,-76.0,,,
531.0,532.0,-74.0,,,
532.0,533.0,-72.4,,,
533.0,534.0,-72.1,,,
534.0,535.0,-71.9,,,
535.0,536.0,-72.4,,,-101.0
536.0,537.0,-72.2,,,
537.0,538.0,-73.0,,,
538.0,539.0,-75.1,,,-101.0
539.0,540.0,-72.4,,,
540.0,541.0,-73.5,,,
541.0,542.0,-71.8,,,
542.0,543.0,-72.2,,,
543.0,544.0,-63.8,,,
544.0,545.0,-65.6,,-95.0,-97.0
545.0,546.0,-63.0,,-94.3,-99.88
546.0,547.0,-75.3,,-80.9,-94.67
547.0,548.0,-75.42,,-75.05,-88.47
548.0,549.0,-72.6,,-76.3,-87.7
549.0,550.0,-82.4,,-73.0,-92.3
550.0,551.0,-85.4,,-78.5,-96.1
551.0,552.0,-90.7,,-82.0,-87.3
552.0,553.0,-91.12,,-81.1,-90.8
553.0,554.0,-89.7,,-82.7,-95.8
554.0,555.0,-92.56,,-83.0,-91.0
555.0,556.0,-103.0,,-89.67,-89.12
556.0,557.0,,,-101.2,-91.3
557.0,558.0,-100.0,,-98.33,-97.2
558.0,559.0,-95.33,,-90.2,-94.57
559.0,560.0,-94.0,,-84.4,-95.3
560.0,561.0,-97.33,,-95.1,-87.5
561.0,562.0,-96.25,,-94.4,-91.3
562.0,563.0,-94.29,,-90.5,-89.5
563.0,564.0,-99.0,,-91.7,-96.2
564.0,565.0,-97.0,,-88.2,-96.9
565.0,566.0,,,-94.57,-90.0
566.0,567.0,,,,-95.5
567.0,568.0,,,,-88.95
568.0,569.0,,,,-90.25
569.0,570.0,,,-97.5,-87.9
570.0,571.0,,,,-92.7
571.0,572.0,,,-102.0,-89.8
572.0,573.0,,,,-88.06
573.0,574.0,,,-100.0,-82.7
574.0,575.0,,,-101.0,-83.15
575.0,576.0,,,,-83.25
576.0,577.0,,,,-89.4
577.0,578.0,,,,-94.74
578.0,579.0,,,,-87.35
579.0,580.0,,,,-93.1
580.0,581.0,,,-99.5,-90.8
581.0,582.0,,,-100.0,-88.4
582.0,583.0,,,-99.92,-85.1
583.0,584.0,,,-95.0,-86.3
584.0,585.0,,,,-83.45
585.0,586.0,,,,-84.95
586.0,587.0,,,,-83.0
587.0,588.0,,,,-84.9
588.0,589.0,,,,-87.65
589.0,590.0,,,,-87.87
590.0,591.0,,,-98.0,-89.85
591.0,592.0,,,-99.08,-85.4
592.0,593.0,,,-96.71,-87.25
593.0,594.0,,,,-91.45
594.0,595.0,,,,-87.4
595.0,596.0,,,,-87.3
596.0,597.0,,,,-84.85
597.0,598.0,,,,-87.12
598.0,599.0,,,,-94.0
599.0,600.0,,,,-98.33
600.0,601.0,,,,-90.45
601.0,602.0,,,,-85.75
602.0,603.0,,,,-89.84
603.0,604.0,,,,-84.6
604.0,605.0,,,,-86.75
605.0,606.0,,,,-89.9
606.0,607.0,,,,-86.56
607.0,608.0,,,-105.0,-87.17
608.0,609.0,,,,-89.0
609.0,610.0,,,,-86.5
610.0,611.0,,,-102.0,-88.45
611.0,612.0,,,-100.91,-88.42
612.0,613.0,,,-100.0,-93.41
613.0,614.0,,,,-85.5
614.0,615.0,,,,-86.2
615.0,616.0,,,,-82.05
616.0,617.0,,,,-87.81
617.0,618.0,,,,-87.2
618.0,619.0,,,,-86.9
619.0,620.0,,,,-89.2
620.0,621.0,,,,-87.26
621.0,622.0,,,,-85.2
622.0,623.0,,,,-83.8
623.0,624.0,,,,-84.4
624.0,625.0,,,,-84.2
625.0,626.0,,,,-85.2
626.0,627.0,,,,-85.0
627.0,628.0,,,,-85.2
628.0,629.0,,,,-85.0
629.0,630.0,,,,-85.0
630.0,631.0,,,,-85.0
631.0,632.0,,,,-84.8
632.0,633.0,,,,-84.8
633.0,634.0,,,,-85.2
634.0,635.0,,,,-85.2
635.0,636.0,,,,-85.0
636.0,637.0,,,,-84.8
637.0,638.0,,,,-84.6
638.0,639.0,,,,-86.4
639.0,640.0,,,,-85.2
640.0,641.0,,,,-85.8
641.0,642.0,,,,-85.2
642.0,643.0,,,,-84.8
643.0,644.0,,,,-85.0
644.0,645.0,,,-103.0,-86.6
645.0,646.0,,,-99.0,-90.0
646.0,647.0,,,,-89.4
647.0,648.0,,,,-91.67
648.0,649.0,,,,-94.2
649.0,650.0,,,-99.0,-90.25
650.0,651.0,,,,-90.0
651.0,652.0,,,,-97.4
652.0,653.0,,,,-91.4
653.0,654.0,,,,-93.4
654.0,655.0,,,-101.0,-89.67
655.0,656.0,,,,-85.2
656.0,657.0,,,,-85.2
657.0,658.0,,,,-85.75
658.0,659.0,,,,-86.0
659.0,660.0,,,-102.0,-86.0
660.0,661.0,,,,-85.6
661.0,662.0,,,,-85.4
662.0,663.0,,,,-85.0
663.0,664.0,,,,-85.8
664.0,665.0,,,,-85.0
665.0,666.0,,,,-86.6
666.0,667.0,,,,-84.8
667.0,668.0,,,,-90.0
668.0,669.0,,,-104.0,-87.0
669.0,670.0,,,-97.0,-89.2
670.0,671.0,,,-100.0,-85.8
671.0,672.0,,,-100.0,-87.0
672.0,673.0,-101.0,,-103.0,-85.45
673.0,674.0,,,,-85.95
674.0,675.0,,,,-85.6
675.0,676.0,,,,-86.05
676.0,677.0,,,-100.0,-85.0
677.0,678.0,,,,-85.95
678.0,679.0,,,,-87.0
679.0,680.0,-104.0,,-99.86,-86.0
680.0,681.0,-97.0,,-101.0,-92.06
681.0,682.0,,,-96.45,-81.75
682.0,683.0,,,-91.44,-83.6
683.0,684.0,,,-92.69,-83.75
684.0,685.0,,,-94.43,-87.0
685.0,686.0,,,-95.0,-89.75
686.0,687.0,,,,-88.75
687.0,688.0,,,-101.0,-88.7
688.0,689.0,,,-101.0,-84.65
689.0,690.0,,,,-89.85
690.0,691.0,,,-98.0,-86.15
691.0,692.0,,,,-93.25
692.0,693.0,,,,-88.55
693.0,694.0,,,,-92.81
694.0,695.0,,,,-89.0
695.0,696.0,,,,-88.3
696.0,697.0,,,,-90.35
697.0,698.0,,,,-88.5
698.0,699.0,,,,-94.5
699.0,700.0,,,,-93.88
700.0,701.0,,,,-96.45
701.0,702.0,,,,-96.08
702.0,703.0,,,,-96.85
703.0,704.0,,,,-94.85
704.0,705.0,,,,-96.18
705.0,706.0,,,,-95.19
706.0,707.0,,,,-95.0
707.0,708.0,,,,-95.5
708.0,709.0,,,,-95.0
709.0,710.0,,,,-95.73
710.0,711.0,,,,-95.94
711.0,712.0,,,,-96.0
712.0,713.0,,,,-97.57
713.0,714.0,,,,-101.44
714.0,715.0,,,,-99.67
715.0,716.0,,,-105.0,-92.8
716.0,717.0,,,,-86.05
717.0,718.0,,,,-88.5
718.0,719.0,,,,-87.05
719.0,720.0,,,,-82.25
720.0,721.0,,,-100.0,-89.85
721.0,722.0,,,-100.0,-86.6
722.0,723.0,,,-99.0,-90.0
723.0,724.0,,,,-87.6
724.0,725.0,,,,-85.43
725.0,726.0,,,-99.0,-86.2
726.0,727.0,,,,-89.3
727.0,728.0,-102.0,,-102.0,-92.7
728.0,729.0,-102.5,,,-91.9
729.0,730.0,,,-100.0,-89.4
730.0,731.0,,,,-90.5
731.0,732.0,-103.0,,-102.0,-88.6
732.0,733.0,,,-102.6,-87.1
733.0,734.0,-102.0,,-101.0,-87.4
734.0,735.0,,,-96.33,-82.3
735.0,736.0,,,,-81.5
736.0,737.0,,,,-81.1
737.0,738.0,,,,-81.0
738.0,739.0,-101.0,,-97.4,-86.4
739.0,740.0,,,-95.0,-89.0
740.0,741.0,,,,-87.5
741.0,742.0,,,-98.0,-85.5
742.0,743.0,,,,-85.0
743.0,744.0,,,,-85.75
744.0,745.0,,,,-85.6
745.0,746.0,,,,-85.2
746.0,747.0,,,,-84.9
747.0,748.0,,,,-84.7
748.0,749.0,,,,-84.9
749.0,750.0,,,,-84.0
750.0,751.0,,,,-83.9
751.0,752.0,,,,-85.2
752.0,753.0,,,,-84.8
753.0,754.0,,,,-85.2
754.0,755.0,,,,-85.3
755.0,756.0,,,,-84.7
756.0,757.0,,,,-85.1
757.0,758.0,,,,-84.3
758.0,759.0,,,,-84.4
759.0,760.0,,,,-85.5
760.0,761.0,-102.0,,,-84.88
761.0,762.0,-102.0,,-91.67,-82.8
762.0,763.0,,,-92.3,-83.0
763.0,764.0,,,-93.3,-83.0
764.0,765.0,-98.0,,-95.3,-84.9
765.0,766.0,,,-97.33,-82.8
766.0,767.0,,,-97.0,-89.6
767.0,768.0,,,,-99.25
768.0,769.0,,,-104.0,-85.3
769.0,770.0,-103.0,,-97.33,-86.7
770.0,771.0,,,-102.0,-87.6
771.0,772.0,,,,-91.11
772.0,773.0,,,,-100.0
773.0,774.0,,,-98.0,-101.0
774.0,775.0,,,-99.5,-98.2
775.0,776.0,,,-102.0,-98.6
776.0,777.0,,,-100.62,-98.33
777.0,778.0,,,-101.45,-98.3
778.0,779.0,,,,-97.5
779.0,780.0,,,-103.0,-98.0
780.0,781.0,,,-101.8,-98.15
781.0,782.0,,,-102.45,-97.85
782.0,783.0,,,-100.33,-95.3
783.0,784.0,,,-100.44,-96.25
784.0,785.0,,,-100.25,-93.95
785.0,786.0,,,-99.0,-94.25
786.0,787.0,,,-101.0,-98.1
787.0,788.0,,,-99.0,-86.95
788.0,789.0,,,,-88.8
789.0,790.0,,,,-82.55
790.0,791.0,,,-101.0,-86.85
791.0,792.0,,,-101.0,-82.85
792.0,793.0,,,,-91.6
793.0,794.0,,,,-87.08
794.0,795.0,,,,-87.75
795.0,796.0,,,,-82.15
796.0,797.0,,,,-82.0
797.0,798.0,,,,-82.65
798.0,799.0,,,,-83.4
799.0,800.0,,,,-82.75
800.0,801.0,,,,-82.25
801.0,802.0,,,,-86.05
802.0,803.0,,,,-82.25
803.0,804.0,,,,-81.4
804.0,805.0,,,,-82.25
805.0,806.0,,,,-82.75
806.0,807.0,,,,-82.9
807.0,808.0,,,,-83.65
808.0,809.0,,,,-87.2
809.0,810.0,,,,-82.75
810.0,811.0,,,-98.0,-88.5
811.0,812.0,,,-100.0,-87.31
812.0,813.0,,,-100.0,-89.35
813.0,814.0,,,,-90.05
814.0,815.0,,,,-87.1
815.0,816.0,,,,-84.8
816.0,817.0,,,-102.0,-85.94
817.0,818.0,-97.33,,-95.08,-92.5
818.0,819.0,-98.12,,-86.95,-88.2
819.0,820.0,-98.18,,-93.53,-85.6
820.0,821.0,-92.11,,-90.94,-89.62
821.0,822.0,-90.38,,-88.8,-95.1
822.0,823.0,-99.53,,-95.85,-87.9
823.0,824.0,-98.11,,-89.5,-85.15
824.0,825.0,-97.17,,-88.5,-93.0
825.0,826.0,-75.5,,-76.55,-94.9
826.0,827.0,-87.0,,-86.3,-97.75
827.0,828.0,-82.3,,-83.5,-88.3
828.0,829.0,-73.0,,-70.0,-86.05
829.0,830.0,-74.8,,-68.6,-79.0
830.0,831.0,-75.4,,-75.4,-89.4
831.0,832.0,-73.8,,-82.2,-92.6
832.0,833.0,-74.4,,-82.4,-93.4
833.0,834.0,-64.0,,-92.0,-93.25
834.0,835.0,-60.4,,-98.0,-100.0
835.0,836.0,-62.6,,-102.0,-95.5
836.0,837.0,-63.8,,,
837.0,838.0,-69.6,,,
838.0,839.0,-71.4,,,
839.0,840.0,-69.0,,,
840.0,841.0,-68.6,,,
841.0,842.0,-68.0,,,-102.0
842.0,843.0,-71.2,,,-103.0
843.0,844.0,-75.4,,,
844.0,845.0,-70.0,,,
845.0,846.0,-70.4,,,
846.0,847.0,-70.8,,,
847.0,848.0,-72.4,,,
848.0,849.0,-73.2,,,
849.0,850.0,-72.2,,,
850.0,851.0,-73.0,,,
851.0,852.0,-71.6,,,
852.0,853.0,-74.2,,,
853.0,854.0,-75.4,,,
854.0,855.0,-73.2,,,
855.0,856.0,-72.4,,,
856.0,857.0,-72.2,,,
857.0,858.0,-71.0,,,
858.0,859.0,-73.8,,,
859.0,860.0,-74.0,,,
860.0,861.0,-72.4,,,
861.0,862.0,-70.2,,,
862.0,863.0,-72.75,,,
863.0,864.0,-69.4,,,
864.0,865.0,-71.4,,,
865.0,866.0,-75.4,,,
866.0,867.0,-72.0,,,
867.0,868.0,-73.6,,,
868.0,869.0,-73.2,,,
869.0,870.0,-72.6,,,
870.0,871.0,-72.6,,,
871.0,872.0,-74.05,,,
872.0,873.0,-70.6,,,
873.0,874.0,-69.8,,,
874.0,875.0,-69.6,,,
875.0,876.0,-71.8,,,
876.0,877.0,-75.0,,,
877.0,878.0,-73.2,,,
878.0,879.0,-72.0,,,
879.0,880.0,-72.4,,,
880.0,881.0,-71.55,,,
881.0,882.0,-71.65,,,
882.0,883.0,-66.7,,,
883.0,884.0,-64.5,,,-102.0
884.0,885.0,-67.9,,,-99.86
885.0,886.0,-63.6,,,-102.44
886.0,887.0,-68.75,,,-99.78
887.0,888.0,-69.95,,,
888.0,889.0,-70.9,,,
889.0,890.0,-71.95,,,
890.0,891.0,-71.45,,-90.0,
891.0,892.0,-67.2,,-98.0,-100.67
892.0,893.0,-67.6,,-99.53,-98.0
893.0,894.0,-68.8,,-98.56,-99.64
894.0,895.0,-65.25,,-96.5,-100.8
895.0,896.0,-65.95,,,-100.29
896.0,897.0,-71.65,,-89.0,-98.33
897.0,898.0,-72.85,,-84.25,-98.4
898.0,899.0,-73.8,,-80.15,-96.82
899.0,900.0,-74.75,,-77.55,-94.37
900.0,901.0,-84.85,,-80.9,-89.35
901.0,902.0,-87.0,,-83.2,-82.5
902.0,903.0,-83.55,,-79.45,-76.35
903.0,904.0,-92.7,,-71.25,-82.25
904.0,905.0,-89.65,,-66.95,-84.35
905.0,906.0,-94.67,,-66.68,-88.11
906.0,907.0,-91.0,,-62.7,-91.9
907.0,908.0,-101.73,,-64.65,-94.38
908.0,909.0,-101.0,,-66.9,-99.67
909.0,910.0,,,-72.15,-102.0
910.0,911.0,-99.0,,-74.55,-99.0
911.0,912.0,,,-73.95,-95.23
912.0,913.0,,,-76.45,
913.0,914.0,,,-88.21,
914.0,915.0,,,-79.87,
915.0,916.0,,,-80.0,
916.0,917.0,,,-75.35,-105.0
917.0,918.0,,,-80.2,-100.0
918.0,919.0,,,-93.15,-101.5
919.0,920.0,,,-85.0,-98.0
920.0,921.0,,,-85.2,-102.0
921.0,922.0,,,-86.35,
922.0,923.0,,,-83.7,
923.0,924.0,,,-80.6,
924.0,925.0,,,-82.0,
925.0,926.0,,,-77.25,-100.0
926.0,927.0,,,-77.75,
927.0,928.0,,,-79.15,
928.0,929.0,,,-79.2,
929.0,930.0,,,-96.06,
930.0,931.0,,,-84.45,-99.36
931.0,932.0,,,-80.24,-101.4
932.0,933.0,,,-79.33,-95.0
933.0,934.0,,,-80.2,-95.12
934.0,935.0,,,-81.2,-94.9
935.0,936.0,,,-81.6,-96.6
936.0,937.0,,,-76.4,-98.33
937.0,938.0,,,-75.1,-96.25
938.0,939.0,,,-79.6,-100.0
939.0,940.0,,,-79.2,-98.43
940.0,941.0,,,-79.9,-95.3
941.0,942.0,,,-80.1,-99.0
942.0,943.0,,,-80.4,-102.4
943.0,944.0,,,-84.4,-102.0
944.0,945.0,,,-80.8,
945.0,946.0,,,-80.7,
946.0,947.0,,,-81.7,-98.4
947.0,948.0,,,-82.1,-97.14
948.0,949.0,,,-79.0,-96.33
949.0,950.0,,,-80.2,-95.5
950.0,951.0,,,-88.2,-97.67
951.0,952.0,,,-90.6,
952.0,953.0,,,-90.3,
953.0,954.0,,,-90.75,
954.0,955.0,,,-91.0,
955.0,956.0,,,-80.6,-98.33
956.0,957.0,,,-82.43,
957.0,958.0,,,-84.22,
958.0,959.0,,,-84.3,
959.0,960.0,,,-84.4,
960.0,961.0,,,-83.3,
961.0,962.0,,,-85.4,
962.0,963.0,,,-84.6,
963.0,964.0,,,-84.2,
964.0,965.0,,,-84.0,
965.0,966.0,,,-84.0,
966.0,967.0,,,-83.1,
967.0,968.0,,,-90.8,
968.0,969.0,,,-86.7,
969.0,970.0,,,-87.6,
970.0,971.0,,,-86.2,
971.0,972.0,,,-86.6,
972.0,973.0,,,-81.6,
973.0,974.0,,,-83.5,
974.0,975.0,,,-87.0,-105.0
975.0,976.0,,,-93.22,-102.0
978.0,979.0,,,-101.0,
979.0,980.0,,,-91.3,-101.33
980.0,981.0,,,-79.6,-100.4
981.0,982.0,,,-79.5,-101.33
982.0,983.0,,,-78.4,-99.29
983.0,984.0,,,-76.4,-96.0
984.0,985.0,,,-80.6,-97.5
985.0,986.0,,,-81.74,-97.74
986.0,987.0,,,-83.65,-97.5
987.0,988.0,,,-84.45,-97.0
988.0,989.0,,,-81.75,-100.31
989.0,990.0,,,-78.05,-97.33
990.0,991.0,,,-77.4,-96.94
991.0,992.0,,,-76.95,-95.74
992.0,993.0,,,-80.9,-99.08
993.0,994.0,,,-82.12,-101.25
994.0,995.0,,,-82.65,-96.75
995.0,996.0,,,-80.8,-102.0
996.0,997.0,,,-81.0,-102.0
997.0,998.0,,,-82.7,-101.5
998.0,999.0,,,-84.0,-98.0
999.0,1000.0,,,-78.5,-96.91
1000.0,1001.0,,,-76.4,-99.85
1001.0,1002.0,,,-80.55,-97.5
1002.0,1003.0,,,-80.15,-98.0
1003.0,1004.0,,,-77.5,-100.22
1004.0,1005.0,,,-77.75,-98.92
1005.0,1006.0,,,-76.0,-98.81
1006.0,1007.0,,,-76.6,-97.73
1007.0,1008.0,,,-82.15,
1008.0,1009.0,,,-89.1,
1009.0,1010.0,,,-84.8,
1010.0,1011.0,,,-84.75,
1011.0,1012.0,,,-84.4,
1012.0,1013.0,,,-84.25,
1013.0,1014.0,,,-84.55,
1014.0,1015.0,,,-80.55,
1015.0,1016.0,,,-83.2,
1016.0,1017.0,,,-82.44,
1017.0,1018.0,,,-82.85,
1018.0,1019.0,,,-82.65,
1019.0,1020.0,,,-82.55,
1020.0,1021.0,,,-81.65,
1021.0,1022.0,,,-87.9,
1022.0,1023.0,,,-85.8,
1023.0,1024.0,,,-86.4,
1024.0,1025.0,,,-85.55,
1025.0,1026.0,,,-86.8,
1026.0,1027.0,,,-84.25,
1027.0,1028.0,,,-83.05,
1028.0,1029.0,,,-81.55,-102.0
1029.0,1030.0,,,-84.5,-105.0
1030.0,1031.0,,,-92.7,
1031.0,1032.0,,,-92.5,
1032.0,1033.0,,,-93.05,
1033.0,1034.0,,,-86.0,-98.8
1034.0,1035.0,,,-79.0,-94.75
1035.0,1036.0,,,-78.35,-98.12
1036.0,1037.0,,,-77.3,-95.05
1037.0,1038.0,,,-81.47,-97.67
1038.0,1039.0,,,-81.6,-103.0
1039.0,1040.0,,,-80.0,-98.0
1040.0,1041.0,,,-81.0,-95.8
1041.0,1042.0,,,-80.2,-98.25
1042.0,1043.0,,,-82.6,-97.5
1043.0,1044.0,,,-81.4,-101.0
1044.0,1045.0,,,-81.2,-101.0
1045.0,1046.0,,,-81.8,
1046.0,1047.0,,,-81.2,-96.0
1047.0,1048.0,,,-88.8,-97.0
1048.0,1049.0,,,-84.0,-100.33
1049.0,1050.0,,,-86.0,-101.6
1050.0,1051.0,,,-86.0,-101.33
1051.0,1052.0,,,-85.6,-101.25
1052.0,1053.0,,,-86.2,-102.0
1053.0,1054.0,,,-80.2,-100.33
1054.0,1055.0,,,-82.6,
1055.0,1056.0,,,-81.6,
1056.0,1057.0,,,-84.6,-100.5
1057.0,1058.0,,,-79.0,-98.33
1058.0,1059.0,,,-77.8,-95.75
1059.0,1060.0,,,-78.0,-99.5
1060.0,1061.0,,,-78.0,-97.25
1061.0,1062.0,,,-81.0,
1062.0,1063.0,,,-84.5,
1063.0,1064.0,,,-87.2,
1064.0,1065.0,,,-85.8,
1065.0,1066.0,,,-85.4,
1066.0,1067.0,,,-85.8,
1067.0,1068.0,,,-86.75,
1068.0,1069.0,,,-82.8,
1069.0,1070.0,,,-84.6,
1070.0,1071.0,,,-84.0,
1071.0,1072.0,,,-84.2,
1072.0,1073.0,,,-84.8,
1073.0,1074.0,,,-83.8,
1074.0,1075.0,,,-92.4,
1075.0,1076.0,,,-87.4,
1076.0,1077.0,,,-87.8,
1077.0,1078.0,,,-87.75,
1078.0,1079.0,,,-87.0,
1079.0,1080.0,,,-86.5,
1080.0,1081.0,,,-87.4,-97.5
1081.0,1082.0,,,-89.2,-95.0
1082.0,1083.0,,,-82.0,
1083.0,1084.0,,,-85.8,
1084.0,1085.0,,,-86.4,
1085.0,1086.0,,,-83.6,
1086.0,1087.0,,,-83.0,
1087.0,1088.0,,,-80.6,-99.0
1088.0,1089.0,,,-81.0,-98.5
1089.0,1090.0,,,-80.0,-100.55
1090.0,1091.0,,,-78.69,-99.54
1091.0,1092.0,,,-78.1,-100.25
1092.0,1093.0,,,-80.4,-97.27
1093.0,1094.0,,,-79.4,-102.0
1094.0,1095.0,,,-80.35,
1095.0,1096.0,,,-80.06,
1096.0,1097.0,,,-80.0,
1097.0,1098.0,,,-80.55,
1098.0,1099.0,,,-88.65,-98.67
1099.0,1100.0,,,-85.6,-92.35
1100.0,1101.0,,,-84.25,-91.7
1101.0,1102.0,,,-85.8,-92.3
1102.0,1103.0,,,-85.21,-97.58
1103.0,1104.0,,,-84.4,-98.89
1104.0,1105.0,,,-84.0,-100.4
1105.0,1106.0,,,-84.0,-100.75
1106.0,1107.0,,,-84.2,-100.06
1107.0,1108.0,,,-84.0,-101.17
1108.0,1109.0,,,-84.6,-96.0
1109.0,1110.0,,,-80.45,-99.0
1110.0,1111.0,,,-81.9,-96.91
1111.0,1112.0,,,-81.35,-97.08
1112.0,1113.0,,,-81.75,-97.0
1113.0,1114.0,,,-84.75,-102.0
1114.0,1115.0,,,-79.7,-97.18
1115.0,1116.0,,,-78.2,-95.44
1116.0,1117.0,,,-78.2,-96.0
1117.0,1118.0,,,-82.5,-96.0
1118.0,1119.0,,,-92.05,
1119.0,1120.0,,,-81.06,
1120.0,1121.0,,,-85.0,
1121.0,1122.0,,,-86.2,
1122.0,1123.0,,,-85.45,
1123.0,1124.0,,,-85.58,
1124.0,1125.0,,,-83.85,
1125.0,1126.0,,,-87.8,
1126.0,1127.0,,,-86.65,
1127.0,1128.0,,,-88.0,
1128.0,1129.0,,,-88.0,
1129.0,1130.0,,,-88.4,
1130.0,1131.0,,,-88.0,
1131.0,1132.0,,,-88.0,
1132.0,1133.0,,,-89.7,
1133.0,1134.0,,,-86.35,
1134.0,1135.0,,,-90.8,
1135.0,1136.0,,,-90.45,
1136.0,1137.0,,,-90.69,
1137.0,1138.0,,,-90.8,
1138.0,1139.0,,,-90.4,
1139.0,1140.0,,,-88.4,
1140.0,1141.0,,,-82.65,
1141.0,1142.0,,,-88.74,-100.0
1142.0,1143.0,,,-86.38,
1143.0,1144.0,,,-84.6,
1144.0,1145.0,,,-85.0,
1145.0,1146.0,,,-85.62,
1146.0,1147.0,,,-83.1,-100.6
1147.0,1148.0,,,-81.9,-97.86
1148.0,1149.0,,,-82.1,-98.0
1149.0,1150.0,,,-80.8,-95.67
1150.0,1151.0,,,-80.9,-95.0
1151.0,1152.0,,,-82.1,-100.0
1152.0,1153.0,,,-76.4,
1153.0,1154.0,,,-77.8,-102.0
1154.0,1155.0,,,-77.0,
1155.0,1156.0,,,-76.8,
1156.0,1157.0,,,-83.0,-98.5
1157.0,1158.0,,,-80.1,-103.0
1158.0,1159.0,,,-79.9,
1159.0,1160.0,,,-79.88,
1160.0,1161.0,,,-79.1,-97.33
1161.0,1162.0,,,-84.4,-101.2
1162.0,1163.0,,,-85.3,-99.0
1163.0,1164.0,,,-84.0,-98.33
1164.0,1165.0,,,-85.1,-99.71
1165.0,1166.0,,,-83.6,-98.22
1166.0,1167.0,,,-88.7,
1167.0,1168.0,,,-85.11,-99.75
1168.0,1169.0,,,-82.44,-101.33
1169.0,1170.0,,,-83.1,-101.2
1170.0,1171.0,,,-82.38,-99.0
1171.0,1172.0,,,-83.3,-100.0
1172.0,1173.0,,,-89.12,-102.0
1173.0,1174.0,,,-82.5,-97.6
1174.0,1175.0,,,-77.9,-96.67
1175.0,1176.0,,,-77.4,-98.38
1176.0,1177.0,,,-77.5,-96.3
1177.0,1178.0,,,-77.3,-100.86
1178.0,1179.0,,,-83.9,
1179.0,1180.0,,,-86.9,
1180.0,1181.0,,,-86.5,
1181.0,1182.0,,,-86.5,
1182.0,1183.0,,,-86.5,
1183.0,1184.0,,,-86.4,
1184.0,1185.0,,,-88.1,
1185.0,1186.0,,,-87.0,
1186.0,1187.0,,,-84.22,
1187.0,1188.0,,,-84.7,
1188.0,1189.0,,,-85.5,
1189.0,1190.0,,,-85.3,
1190.0,1191.0,,,-84.6,
1191.0,1192.0,,,-85.4,
1192.0,1193.0,,,-88.3,
1193.0,1194.0,,,-84.21,
1194.0,1195.0,,,-85.05,
1195.0,1196.0,,,-84.35,
1196.0,1197.0,,,-84.6,
1197.0,1198.0,,,-82.0,
1198.0,1199.0,,,-83.6,
1199.0,1200.0,,,-85.68,-101.0
1200.0,1201.0,,,-82.82,-101.67
1201.0,1202.0,,,-89.94,
1202.0,1203.0,,,-89.25,
1203.0,1204.0,,,-90.55,
1204.0,1205.0,,,-86.8,
1205.0,1206.0,,,-88.15,-102.0
1206.0,1207.0,,,-78.65,-98.0
1207.0,1208.0,,,-83.2,
1208.0,1209.0,,,-82.3,-100.0
1209.0,1210.0,,,-80.75,-100.67
1210.0,1211.0,,,-80.35,-97.76
1211.0,1212.0,,,-78.45,-98.0
1212.0,1213.0,,,-81.0,
1213.0,1214.0,,,-79.05,
1214.0,1215.0,,,-76.3,-100.5
1215.0,1216.0,,,-79.0,
1216.0,1217.0,,,-74.45,
1217.0,1218.0,,,-71.15,
1218.0,1219.0,,,-76.4,-104.0
1219.0,1220.0,,,-76.45,
1220.0,1221.0,,,-75.15,
1221.0,1222.0,,,-74.06,
1222.0,1223.0,-104.0,,-67.7,
1223.0,1224.0,,,-74.7,
1224.0,1225.0,,,-77.7,
1225.0,1226.0,,,-78.1,
1226.0,1227.0,,,-72.0,
1227.0,1228.0,,,-72.05,
1228.0,1229.0,,,-77.8,
1229.0,1230.0,,,-78.1,
1230.0,1231.0,,,-65.75,
1231.0,1232.0,,,-67.6,
1232.0,1233.0,,,-68.3,
1233.0,1234.0,,,-68.45,
1234.0,1235.0,,,-68.35,
1235.0,1236.0,,,-68.0,
1236.0,1237.0,,,-68.05,
1237.0,1238.0,,,-68.4,
1238.0,1239.0,,,-68.4,
1239.0,1240.0,,,-69.95,
1240.0,1241.0,,,-68.0,
1241.0,1242.0,,,-68.0,
1242.0,1243.0,,,-68.0,
1243.0,1244.0,,,-68.0,
1244.0,1245.0,,,-68.0,
1245.0,1246.0,,,-67.79,
1246.0,1247.0,,,-66.6,
1247.0,1248.0,,,-68.6,
1248.0,1249.0,,,-73.6,
1249.0,1250.0,,,-65.8,
1250.0,1251.0,,,-70.8,
1251.0,1252.0,,,-75.0,
1252.0,1253.0,,,-75.4,
1253.0,1254.0,,,-73.0,
1254.0,1255.0,,,-73.4,
1255.0,1256.0,,,-71.8,
1256.0,1257.0,,,-72.0,
1257.0,1258.0,,,-72.6,
1258.0,1259.0,,,-72.6,
1259.0,1260.0,,,-72.6,
1260.0,1261.0,,,-72.6,
1261.0,1262.0,,,-72.8,
1262.0,1263.0,,,-71.6,
1263.0,1264.0,,,-71.6,
1264.0,1265.0,,,-70.4,
1265.0,1266.0,,,-69.8,
1266.0,1267.0,,,-69.2,
1267.0,1268.0,,,-70.8,
1268.0,1269.0,,,-70.4,
1269.0,1270.0,,,-70.8,
1270.0,1271.0,,,-71.2,
1271.0,1272.0,,,-73.4,
1272.0,1273.0,,,-73.25,
1273.0,1274.0,,,-70.6,
1274.0,1275.0,,,-61.4,
1275.0,1276.0,,,-64.4,
1276.0,1277.0,,,-73.8,
1277.0,1278.0,,,-71.0,
1278.0,1279.0,-103.0,,-63.6,
1279.0,1280.0,,,-66.6,-90.67
1280.0,1281.0,,,-71.0,-93.2
1281.0,1282.0,,,-73.4,-90.8
1282.0,1283.0,,,-72.0,-89.0
1283.0,1284.0,,,-73.2,-89.0
1284.0,1285.0,,,-79.2,-91.4
1285.0,1286.0,,,-81.0,-81.8
1286.0,1287.0,,,-78.4,-81.8
1287.0,1288.0,,,-71.0,-85.8
1288.0,1289.0,,,-71.4,-87.0
1289.0,1290.0,,,-71.6,-84.2
1290.0,1291.0,,,-78.6,-78.6
1291.0,1292.0,,,-81.4,-80.2
1292.0,1293.0,,,-77.0,-89.6
1293.0,1294.0,,,-83.8,-99.5
1294.0,1295.0,,,-82.2,-100.0
1295.0,1296.0,,,-78.6,-92.0
1296.0,1297.0,,,-80.0,-90.4
1297.0,1298.0,,,-80.0,-90.45
1298.0,1299.0,,,-80.55,-92.82
1299.0,1300.0,,,-79.85,-93.82
1300.0,1301.0,,,-84.05,-98.3
1301.0,1302.0,,,-80.3,-89.35
1302.0,1303.0,,,-74.75,-87.2
1303.0,1304.0,,,-75.75,-89.05
1304.0,1305.0,,,-74.95,-88.75
1305.0,1306.0,,,-70.55,-92.55
1306.0,1307.0,,,-70.8,-90.55
1307.0,1308.0,,,-70.85,-78.75
1308.0,1309.0,,,-70.9,-81.0
1309.0,1310.0,,,-73.8,-89.1
1310.0,1311.0,,,-69.8,-89.3
1311.0,1312.0,,,-74.81,-93.25
1312.0,1313.0,,,-69.15,-95.5
1313.0,1314.0,,,-68.35,-87.88
1314.0,1315.0,,,-64.2,-98.53
1315.0,1316.0,,,-59.3,-100.67
1316.0,1317.0,,,-56.1,-99.95
1317.0,1318.0,,,-66.75,-96.55
1318.0,1319.0,-99.5,,-80.0,-89.6
1319.0,1320.0,,,-86.0,-100.89
1320.0,1321.0,-88.47,,-85.4,-105.0
1321.0,1322.0,-92.54,,-75.9,-105.0
1322.0,1323.0,-100.0,,-75.1,-97.89
1323.0,1324.0,-98.4,,-75.35,-92.0
1324.0,1325.0,-97.0,,-75.12,-96.62
1325.0,1326.0,-100.09,,-80.9,-94.0
1326.0,1327.0,-91.62,,-85.75,
1327.0,1328.0,,,-84.1,
1328.0,1329.0,,,-84.0,
1329.0,1330.0,,,-85.15,
1330.0,1331.0,,,-88.05,
1331.0,1332.0,,,-84.0,
1332.0,1333.0,,,-83.65,
1333.0,1334.0,,,-82.12,
1334.0,1335.0,,,-83.05,
1335.0,1336.0,,,-80.95,
1336.0,1337.0,,,-81.25,
1337.0,1338.0,,,-82.75,
1338.0,1339.0,,,-82.85,
1339.0,1340.0,,,-79.35,
1340.0,1341.0,,,-82.19,
1341.0,1342.0,,,-80.65,
1342.0,1343.0,,,-78.45,
1343.0,1344.0,,,-78.85,
1344.0,1345.0,,,-79.3,
1345.0,1346.0,,,-78.95,
1346.0,1347.0,,,-81.35,
1347.0,1348.0,,,-80.0,
1348.0,1349.0,-97.0,,-80.0,
1349.0,1350.0,,,-80.2,
1350.0,1351.0,,,-79.47,
1351.0,1352.0,,,-85.3,
1352.0,1353.0,-99.0,,-82.2,
1353.0,1354.0,,,-87.5,
1354.0,1355.0,,,-81.7,-99.0
1355.0,1356.0,,,-80.1,-100.0
1356.0,1357.0,,,-76.9,
1357.0,1358.0,-94.0,,-76.5,-102.0
1358.0,1359.0,-98.0,,-78.7,
1359.0,1360.0,-97.0,,-80.1,
1360.0,1361.0,,,-84.05,
1361.0,1362.0,,,-82.5,
1362.0,1363.0,,,-78.9,-98.5
1363.0,1364.0,,,-75.5,
1364.0,1365.0,-94.0,,-77.4,-102.0
1365.0,1366.0,-99.0,,-76.9,-100.0
1366.0,1367.0,-102.33,,-77.4,-98.62
1367.0,1368.0,-102.5,,-76.8,-101.4
1368.0,1369.0,,,-74.5,-96.0
1369.0,1370.0,,,-72.5,-94.0
1370.0,1371.0,-102.0,,-72.4,-94.5
1371.0,1372.0,-100.0,,-77.9,-98.78
1372.0,1373.0,-90.57,,-86.1,-100.0
1373.0,1374.0,-101.2,,-83.12,
1374.0,1375.0,,,-80.56,-102.67
1375.0,1376.0,,,,-100.0
1376.0,1377.0,,,-83.41,-100.0
1377.0,1378.0,,,-80.6,
1378.0,1379.0,,,-76.7,
1379.0,1380.0,,,-77.7,
1380.0,1381.0,,,-76.7,
1381.0,1382.0,-96.0,,-79.0,-99.0
1382.0,1383.0,-96.0,,-79.2,-94.0
1383.0,1384.0,,,-79.0,-101.67
1384.0,1385.0,-101.0,,-84.89,-99.4
1385.0,1386.0,,,-85.11,-102.0
1386.0,1387.0,-97.0,,-82.7,
1387.0,1388.0,,,-84.8,-104.0
1388.0,1389.0,,,-79.1,-101.62
1389.0,1390.0,-98.33,,-80.4,-104.33
1390.0,1391.0,-103.0,,-83.2,-101.67
1391.0,1392.0,,,-82.9,-100.33
1392.0,1393.0,-102.0,,-79.7,-101.0
1393.0,1394.0,,,-77.3,-98.8
1394.0,1395.0,,,-77.7,-100.88
1395.0,1396.0,,,-77.0,-102.8
1396.0,1397.0,,,-79.7,-103.0
1397.0,1398.0,,,-80.3,-102.0
1398.0,1399.0,,,-77.9,-101.25
1399.0,1400.0,-100.0,,-78.3,-105.0
1400.0,1401.0,,,-80.7,
1401.0,1402.0,,,-78.8,-102.0
1402.0,1403.0,,,-76.26,-98.53
1403.0,1404.0,,,-75.2,-99.5
1404.0,1405.0,,,-75.25,-100.0
1405.0,1406.0,,,-78.85,
1406.0,1407.0,,,-80.7,-101.0
1407.0,1408.0,,,-79.8,
1408.0,1409.0,,,-82.5,-102.0
1409.0,1410.0,,,-78.55,-101.0
1410.0,1411.0,,,-80.75,
1411.0,1412.0,,,-81.0,-98.8
1412.0,1413.0,,,-81.8,-98.0
1413.0,1414.0,,,-79.8,-99.81
1414.0,1415.0,,,-79.55,-99.0
1415.0,1416.0,,,-81.75,
1416.0,1417.0,,,-82.85,-102.0
1417.0,1418.0,,,-81.8,-97.0
1418.0,1419.0,-101.0,,-78.45,-97.0
1419.0,1420.0,-102.0,,-82.65,-96.5
1420.0,1421.0,-101.56,,-82.75,-101.33
1421.0,1422.0,-98.57,,-82.75,-101.0
1422.0,1423.0,-97.0,,-80.11,
1423.0,1424.0,-97.0,,-82.59,-102.0
1424.0,1425.0,,,-79.7,
1425.0,1426.0,-99.44,,-80.05,-98.0
1426.0,1427.0,-99.36,,-81.81,-102.2
1427.0,1428.0,-96.67,,-82.6,-103.0
1428.0,1429.0,-99.54,,-83.8,-105.0
1429.0,1430.0,-93.35,,-83.4,
1430.0,1431.0,-90.15,,-80.0,
1431.0,1432.0,-92.75,,-84.1,
1432.0,1433.0,-97.43,,-84.26,-100.0
1433.0,1434.0,-98.46,,-82.7,-105.0
1434.0,1435.0,-97.08,,-82.15,-100.15
1435.0,1436.0,-101.0,,-77.05,-96.86
1436.0,1437.0,,,-80.85,-104.0
1437.0,1438.0,,,-87.3,-103.2
1438.0,1439.0,,,-82.15,-104.0
1439.0,1440.0,,,-81.0,-99.0
1440.0,1441.0,,,-83.05,
1441.0,1442.0,,,-79.55,-99.53
1442.0,1443.0,-101.0,,-79.75,-100.5
1443.0,1444.0,-101.0,,-76.5,-97.38
1444.0,1445.0,-100.75,,-78.75,-97.53
1445.0,1446.0,-100.71,,-75.4,-98.0
1446.0,1447.0,-97.76,,-74.65,-95.78
1447.0,1448.0,-98.38,,-72.85,-98.94
1448.0,1449.0,-101.14,,-73.7,-98.87
1449.0,1450.0,,,-74.75,-96.33
1450.0,1451.0,,,-73.35,-90.0
1451.0,1452.0,,,-76.85,-103.0
1452.0,1453.0,-97.5,,-74.55,
1453.0,1454.0,-93.0,,-81.16,-99.0
1454.0,1455.0,-102.0,,-70.2,-91.0
1455.0,1456.0,,,-72.2,-84.0
1456.0,1457.0,-94.33,,-78.4,-83.0
1457.0,1458.0,-82.4,,-71.4,-85.2
1458.0,1459.0,-77.0,,-79.0,-86.25
1459.0,1460.0,-88.4,,-82.2,-92.25
1460.0,1461.0,-95.0,,-93.0,-94.4
1461.0,1462.0,-99.0,,-99.0,-92.6
1462.0,1463.0,,,-93.25,-94.4
1463.0,1464.0,-98.5,,-89.8,-93.0
1464.0,1465.0,-101.0,,-88.8,-93.0
1465.0,1466.0,-96.0,,-93.4,-95.75
1466.0,1467.0,,,,-83.4
1467.0,1468.0,,,-99.0,-95.0
1468.0,1469.0,-95.0,,,-98.8
1469.0,1470.0,,,,-92.0
1470.0,1471.0,,,,-87.75
1471.0,1472.0,,,-101.0,-92.5
1472.0,1473.0,,,-102.0,-93.25
1473.0,1474.0,,,,-83.0
1474.0,1475.0,,,,-80.6
1475.0,1476.0,,,,-90.6
1476.0,1477.0,,,-105.0,-90.6
1477.0,1478.0,,,-99.0,-92.5
1478.0,1479.0,-100.0,,,-85.8
1479.0,1480.0,,,-104.0,-90.6
1480.0,1481.0,,,,-88.0
1481.0,1482.0,,,,-82.8
1482.0,1483.0,,,,-92.4
1483.0,1484.0,,,,-91.0
1484.0,1485.0,,,,-88.8
1485.0,1486.0,,,,-87.8
1486.0,1487.0,,,,-86.8
1487.0,1488.0,,,,-85.0
1488.0,1489.0,,,,-84.4
1489.0,1490.0,,,,-86.8
1490.0,1491.0,-104.0,,,-86.8
1491.0,1492.0,-100.67,,-100.0,-81.0
1492.0,1493.0,-105.0,,-98.5,-86.2
1493.0,1494.0,-97.0,,-97.33,-91.0
1494.0,1495.0,-96.67,,-88.4,-91.4
1495.0,1496.0,-98.0,,-85.6,-98.0
1496.0,1497.0,-84.67,,-84.2,-92.0
1497.0,1498.0,-81.2,,-84.8,-95.5
1498.0,1499.0,-89.0,,-82.8,-96.75
1499.0,1500.0,-77.0,,-79.2,-92.75
1500.0,1501.0,-86.4,,-81.5,-70.0
1501.0,1502.0,-91.25,,-83.6,-71.0
1502.0,1503.0,-83.0,,-89.6,-68.8
1503.0,1504.0,-76.4,,-85.6,-74.0
1504.0,1505.0,-81.8,,-83.0,-76.4
1505.0,1506.0,-84.0,,-82.0,-82.2
1506.0,1507.0,-81.55,,-82.15,-77.6
1507.0,1508.0,-78.05,,-81.15,-76.95
1508.0,1509.0,-78.0,,-81.8,-77.75
1509.0,1510.0,-78.0,,-81.45,-78.0
1510.0,1511.0,-79.0,,-82.8,-77.65
1511.0,1512.0,-85.3,,-84.7,-76.05
